id,e1,e2,e3,e4,e5,e6,e7,e8,e9,e10,n1,n2,n3,n4,n5,n6,n7,n8,n9,n10,a1,a2,a3,a4,a5,a6,a7,a8,a9,a10,c1,c2,c3,c4,c5,c6,c7,c8,c9,c10,o1,o2,o3,o4,o5,o6,o7,o8,o9,o10,gs1,gs2,gs3,gs4,gs5,gs6,gs7,gs8,gs9,gs10,gs11,gs12
example_0001,3,1,4,3,3,4,2,1,5,3,3,5,5,3,4,4,3,5,4,3,5,2,1,3,3,4,2,4,3,2,2,4,5,3,4,5,5,5,4,2,2,5,3,2,3,4,4,4,4,2,5,5,5,3,4,5,5,4,5,5,3,5
example_0002,1,1,2,1,3,1,1,1,2,1,4,3,5,3,4,3,3,3,4,3,1,3,4,1,3,2,5,2,5,2,4,2,5,2,2,1,4,3,4,3,2,3,5,4,3,5,3,3,5,3,4,3,4,4,3,5,3,3,5,4,4,NA
example_0003,4,5,5,5,5,5,5,5,5,5,4,3,4,4,4,3,3,4,2,5,1,1,1,1,1,2,1,1,4,1,3,4,4,3,4,5,5,4,4,1,2,3,5,3,4,5,3,5,5,1,5,2,4,2,3,5,2,3,4,5,3,4
example_0004,3,4,3,2,2,3,1,1,2,2,5,3,4,2,2,4,3,4,3,4,1,2,1,2,1,2,1,2,3,2,4,1,5,4,3,3,5,5,5,2,4,3,2,5,3,2,4,2,4,4,3,2,2,5,3,5,3,4,2,3,3,5
example_0005,3,3,4,2,3,3,4,3,3,2,5,4,5,5,3,2,5,1,3,1,2,2,3,1,2,2,2,2,5,3,2,2,4,2,1,3,2,3,1,3,4,4,4,4,3,5,4,2,4,3,4,3,4,2,1,3,3,1,2,4,3,3
example_0006,4,5,5,5,5,5,5,4,3,5,2,1,3,2,3,3,1,5,3,5,2,1,2,2,2,2,1,2,5,2,4,3,5,4,3,4,5,4,4,2,4,5,4,5,4,5,5,3,4,1,5,4,3,4,3,5,3,4,4,4,2,5
example_0007,3,2,3,3,4,2,4,1,1,3,4,3,4,5,2,4,4,1,3,5,3,3,1,2,3,2,4,3,3,1,4,5,4,4,5,5,4,3,4,3,2,4,5,4,4,5,4,3,4,2,4,5,3,2,2,5,3,1,4,4,4,3
example_0008,3,5,2,3,2,4,4,3,2,3,4,3,4,4,3,2,3,3,4,3,1,2,5,1,1,1,1,2,5,1,4,3,5,4,3,2,3,1,3,2,5,5,5,5,3,5,4,2,3,2,5,3,4,5,3,5,2,4,4,2,4,5
example_0009,5,5,5,5,5,5,5,5,5,5,1,1,1,1,1,5,5,1,1,5,5,5,5,5,5,5,5,5,1,5,1,5,5,5,1,5,1,1,1,1,5,5,5,5,5,5,5,1,1,1,1,1,1,5,1,1,1,1,1,1,1,1
example_0010,1,3,2,2,2,4,1,2,1,1,4,5,5,4,4,2,3,4,3,3,1,1,1,2,2,2,2,3,4,3,5,4,2,5,3,5,4,4,4,3,4,4,5,4,4,5,2,2,4,3,4,3,4,3,2,4,3,3,2,4,3,4
example_0011,1,1,1,3,1,2,1,2,1,1,4,3,4,4,5,1,4,1,5,2,3,3,2,3,3,3,3,2,4,3,5,5,5,4,2,3,5,5,4,1,4,4,5,4,5,5,4,3,5,1,4,3,4,2,4,5,5,5,5,5,2,4
example_0012,1,5,2,2,3,4,1,1,1,2,5,5,5,5,5,1,5,1,5,1,1,3,2,1,1,1,2,1,5,3,3,3,5,5,2,5,5,4,5,1,5,2,4,3,3,4,3,3,5,1,3,1,1,1,1,5,1,2,3,5,3,5
example_0013,2,2,4,1,2,2,1,2,3,1,5,4,3,1,5,1,5,1,5,2,1,1,4,1,2,1,2,2,5,3,3,2,2,1,1,2,2,3,1,3,2,3,4,1,4,4,3,5,5,2,3,2,1,2,1,2,2,1,2,2,2,3
example_0014,1,5,5,3,4,5,4,3,1,3,3,2,4,3,1,4,3,3,3,4,1,1,1,2,2,2,1,2,4,3,4,4,4,4,3,5,4,3,4,2,3,3,4,3,4,4,3,4,5,1,5,4,2,3,4,5,3,3,5,4,1,5
example_0015,3,1,3,2,1,4,1,3,3,1,2,2,5,5,1,4,1,4,3,4,1,1,2,1,2,1,2,2,5,3,2,1,5,3,2,5,1,3,3,4,4,4,5,4,4,5,5,2,4,1,3,2,3,4,4,5,3,4,4,2,2,4
example_0016,4,5,5,NA,4,5,3,5,5,2,1,1,2,3,4,5,2,5,2,3,4,2,1,2,1,1,1,2,2,3,3,2,4,4,2,2,5,5,1,1,3,2,5,4,3,2,4,4,2,2,4,1,3,5,1,4,2,1,5,2,4,3
example_0017,4,5,5,5,4,5,2,4,5,4,3,2,3,5,2,4,4,1,1,5,2,1,4,1,2,1,1,1,4,2,1,2,4,2,1,2,2,2,1,3,2,5,4,1,4,5,3,5,4,1,4,2,1,4,2,4,2,2,3,2,2,2
example_0018,4,5,5,5,5,5,5,4,5,5,4,1,4,4,2,4,5,2,4,4,1,1,4,1,2,2,1,2,5,2,3,3,4,5,4,2,5,3,3,3,3,2,5,3,4,5,5,2,5,1,3,1,1,5,1,5,1,1,2,4,1,4
example_0019,3,4,2,4,3,4,3,3,3,1,3,3,3,3,3,3,5,3,5,4,3,3,3,3,3,2,3,3,3,4,2,3,2,5,3,3,4,5,2,1,2,5,4,5,3,5,4,4,5,1,5,4,3,2,3,5,4,4,3,5,3,3
example_0020,3,2,4,3,1,2,4,2,4,1,2,2,4,2,3,2,1,5,2,5,1,1,2,2,2,2,1,3,3,2,4,3,3,4,5,2,4,3,3,3,5,4,5,4,5,5,3,4,5,1,5,1,1,4,3,4,2,1,4,5,3,4
example_0021,4,3,4,3,2,5,5,3,3,4,3,3,2,4,2,4,3,4,3,4,1,2,1,3,1,2,1,3,2,1,5,5,5,4,3,5,5,5,5,1,3,4,5,5,3,5,5,4,5,1,4,1,3,5,3,5,4,4,5,5,3,4
example_0022,1,1,2,2,2,1,2,2,2,1,4,4,4,4,1,4,5,2,4,2,3,4,5,3,3,4,4,2,4,3,2,2,4,2,2,1,4,3,2,2,4,4,5,4,4,5,3,3,5,1,4,1,2,4,1,3,2,1,1,2,2,3
example_0023,1,1,1,1,2,1,1,1,2,1,4,3,5,5,5,3,3,4,3,1,1,2,1,1,2,1,2,2,5,1,3,2,3,4,2,4,3,3,4,1,4,5,5,5,3,5,2,3,5,2,4,3,3,2,4,5,4,4,4,5,4,4
example_0024,3,3,2,NA,2,4,4,5,2,3,2,3,4,5,4,5,4,1,1,1,1,4,1,1,1,1,2,2,5,2,4,1,5,2,4,2,3,2,4,1,3,5,5,5,5,5,5,3,2,1,2,2,4,4,3,5,4,5,4,1,4,5
example_0025,3,4,3,4,4,4,2,4,4,3,4,4,5,4,4,4,4,4,4,2,2,2,4,2,2,2,2,2,4,2,4,3,4,2,2,2,4,4,4,2,4,3,3,4,4,3,4,3,4,3,4,1,3,4,1,5,2,3,4,3,4,4
example_0026,5,5,5,5,3,3,4,5,5,3,5,5,5,5,4,2,5,1,4,3,1,1,4,1,1,1,1,1,5,1,3,3,4,1,3,3,1,5,3,3,3,3,5,5,5,5,5,3,5,1,3,3,1,3,1,4,1,1,2,2,1,3
example_0027,4,5,3,3,4,4,4,4,4,4,5,5,5,5,4,1,4,2,5,1,2,2,3,2,1,2,1,3,4,3,4,5,3,4,4,4,5,3,4,2,3,5,5,4,4,5,3,4,5,2,3,3,3,1,4,4,4,4,3,3,4,3
example_0028,2,2,2,2,2,4,4,2,2,3,2,2,4,3,3,4,3,3,2,3,3,1,5,2,2,3,2,1,4,3,3,1,4,2,1,2,2,3,2,5,4,5,4,5,3,4,5,2,4,3,4,3,4,3,1,2,1,1,2,1,4,2
example_0029,3,3,5,5,5,5,5,5,3,5,1,1,3,1,1,5,1,5,1,5,1,3,1,1,3,3,3,3,3,1,5,5,5,5,5,5,5,3,5,1,5,3,3,3,5,5,5,5,5,1,5,4,3,5,4,5,5,5,5,3,4,4
example_0030,2,2,2,2,3,2,2,2,4,2,4,3,4,4,4,2,4,2,4,2,3,2,2,2,2,2,2,2,4,2,4,2,4,2,2,3,4,2,4,2,3,4,4,4,4,4,4,3,4,3,3,3,2,3,2,4,2,2,3,3,3,3
example_0031,5,3,2,4,2,3,2,3,4,3,1,2,2,3,NA,2,2,5,2,4,2,2,3,4,3,4,4,3,2,3,NA,5,2,3,4,4,4,4,4,2,2,2,4,2,4,4,4,4,4,2,5,3,4,5,3,4,3,3,4,4,3,4
example_0032,2,5,4,2,3,2,2,1,1,4,5,4,5,2,5,2,3,3,5,2,4,2,4,2,3,1,4,3,2,3,4,3,3,1,1,1,4,2,3,2,4,3,5,4,4,4,4,4,3,2,4,3,1,2,1,5,2,2,2,1,2,5
example_0033,4,3,2,4,5,4,3,5,5,4,1,2,1,1,1,5,1,5,1,5,3,4,1,2,4,5,5,4,2,1,5,2,5,4,2,4,4,3,3,2,5,4,4,5,5,5,5,1,4,1,4,3,4,5,2,5,4,4,4,5,2,4
example_0034,4,5,5,5,5,5,5,4,5,5,5,3,4,2,4,3,2,4,3,4,4,1,2,1,1,1,1,3,4,1,4,5,3,4,3,4,4,4,4,2,3,4,4,4,3,4,4,5,5,3,4,4,2,4,2,4,4,4,4,4,3,5
example_0035,2,4,2,2,2,4,2,2,2,2,5,4,4,5,4,1,5,2,4,2,3,4,3,2,2,2,2,2,5,2,5,4,4,4,4,4,4,5,4,2,5,5,5,5,4,5,5,2,4,2,5,2,3,4,3,5,1,2,3,4,3,4
example_0036,4,3,2,3,2,3,2,3,3,3,3,3,3,3,2,3,3,3,3,4,2,3,3,3,4,2,4,3,3,3,3,4,3,4,2,3,3,3,3,3,4,5,4,5,4,5,5,2,4,1,3,3,3,3,3,3,3,3,3,2,3,3
example_0037,4,5,4,4,5,4,5,5,5,4,4,4,4,3,3,2,4,2,4,3,1,1,3,1,2,1,1,3,5,2,2,1,3,1,1,1,2,2,3,3,4,3,5,3,4,4,3,2,4,2,4,1,2,3,1,4,1,1,2,2,2,3
example_0038,2,2,3,2,2,2,2,2,3,1,3,1,4,3,3,4,4,3,3,4,2,2,2,1,2,2,3,2,4,3,3,3,4,3,1,2,3,3,3,3,3,4,4,5,3,4,4,3,4,2,3,3,2,3,2,2,2,3,2,2,3,3
example_0039,2,4,3,5,4,4,2,3,1,3,4,5,4,3,3,1,4,4,5,3,3,2,1,2,3,1,2,3,3,3,3,3,5,4,2,3,2,4,3,3,3,4,3,4,3,3,5,4,4,3,4,4,3,3,3,4,4,4,4,4,4,3
example_0040,3,3,4,5,5,4,5,1,4,1,5,1,5,4,4,1,5,4,5,4,1,1,2,1,2,2,1,2,5,2,4,4,5,3,1,1,5,2,5,1,5,3,5,4,5,5,5,1,5,1,4,1,2,2,1,4,1,1,4,1,1,5
example_0041,4,5,4,4,4,5,3,4,5,4,1,1,4,4,5,5,5,1,1,2,4,4,3,2,2,4,4,2,5,1,2,4,4,4,1,5,5,1,2,2,3,3,5,1,4,5,5,4,3,3,4,1,2,3,2,3,2,1,4,5,2,3
example_0042,1,1,1,1,1,2,4,1,1,1,4,1,5,5,1,1,5,1,5,5,4,5,1,5,5,4,5,5,1,1,5,2,5,5,5,2,5,5,5,1,4,2,1,2,5,1,4,2,4,4,5,3,5,5,5,5,4,5,5,5,5,5
example_0043,3,3,4,2,4,4,4,3,3,3,4,3,4,3,2,3,3,3,3,3,2,2,2,2,2,2,2,2,4,2,4,3,4,3,4,3,3,4,3,2,4,5,4,5,4,5,4,2,5,2,4,3,2,4,3,5,3,4,4,4,1,5
example_0044,4,5,5,5,5,5,5,4,5,5,3,2,3,2,2,5,3,5,2,5,2,1,1,1,1,2,1,1,4,1,4,1,5,5,4,1,4,5,3,1,5,5,NA,5,5,5,5,1,5,1,5,1,1,5,1,5,1,1,3,5,1,5
example_0045,3,3,5,3,5,4,4,2,3,5,2,3,2,2,2,4,2,5,3,4,1,2,3,1,1,3,2,1,3,1,5,4,5,5,2,4,4,5,4,2,5,4,3,4,4,2,5,4,NA,2,3,4,4,2,5,5,3,5,4,5,4,4
example_0046,3,1,5,1,3,1,1,5,1,1,3,1,5,NA,5,1,5,1,5,5,5,1,1,1,5,1,5,3,5,NA,1,1,5,5,NA,1,1,3,1,5,3,1,3,5,1,1,3,3,3,5,3,1,1,1,1,2,1,1,1,1,2,NA
example_0047,3,3,3,2,2,2,3,2,2,2,2,2,4,4,2,4,4,3,4,2,3,4,2,3,3,2,4,4,2,3,4,5,5,5,2,5,4,4,3,3,4,2,2,1,4,3,4,4,3,2,5,1,1,3,1,5,1,1,3,5,1,4
example_0048,2,4,4,3,2,2,2,3,4,2,3,2,4,4,2,2,4,3,4,5,3,2,2,2,1,2,2,2,3,2,4,5,4,5,3,5,5,3,5,3,1,1,1,1,1,1,4,5,4,5,3,2,2,4,2,3,2,2,2,2,3,2
example_0049,2,4,4,3,3,3,3,2,4,3,3,3,4,3,2,2,3,4,4,4,1,1,3,2,1,2,1,2,4,3,4,2,4,4,3,3,3,4,3,1,4,4,4,4,4,2,5,2,4,2,5,1,4,4,4,4,4,4,4,5,3,5
example_0050,1,3,2,2,2,4,1,2,2,2,4,4,5,3,3,1,5,1,3,2,3,2,2,2,1,1,2,2,4,3,2,3,3,3,2,3,4,3,3,3,4,4,4,3,4,5,4,4,4,1,3,3,4,3,4,4,3,3,3,3,3,4
example_0051,4,3,3,3,4,4,3,3,4,3,1,2,1,5,2,3,2,5,2,1,5,4,1,1,1,1,3,1,4,1,4,5,4,5,5,5,5,5,5,2,5,5,4,5,5,5,5,1,5,2,5,4,5,2,5,5,5,5,5,5,4,5
example_0052,5,5,4,3,5,4,4,4,5,3,3,2,3,3,3,4,4,3,3,4,2,3,1,3,2,2,3,2,4,1,5,4,4,4,2,2,2,4,3,2,4,3,4,4,4,5,4,4,3,2,4,2,2,4,2,4,2,2,3,4,2,4
example_0053,2,3,2,1,4,5,1,1,1,1,5,5,3,5,3,4,5,2,4,3,1,3,1,1,1,1,1,1,5,3,4,1,5,4,1,1,5,3,5,1,4,5,5,5,4,5,5,2,1,1,4,1,1,2,1,5,3,2,2,2,3,4
example_0054,3,5,3,2,4,5,1,5,1,1,4,2,3,3,2,4,2,5,2,4,5,1,2,2,2,3,1,2,5,2,4,4,5,4,5,5,5,5,4,2,4,4,5,1,4,1,3,5,4,3,5,2,4,5,5,5,4,4,5,5,4,5
example_0055,4,5,5,4,5,4,2,4,2,2,4,4,4,5,4,3,3,2,4,3,2,2,2,3,2,2,2,1,5,1,3,2,4,2,2,1,4,3,4,2,5,5,4,5,5,5,5,1,5,1,5,4,4,3,1,4,5,3,4,4,3,2
example_0056,2,3,4,3,3,4,2,1,1,3,4,4,3,4,3,3,3,3,4,4,2,2,3,3,3,4,2,1,4,3,4,3,4,4,3,5,5,4,5,3,3,3,3,4,2,3,3,3,3,3,3,1,4,3,5,5,2,1,5,5,3,4
example_0057,3,3,3,3,3,3,2,2,2,2,4,4,3,3,4,3,3,3,4,4,3,3,1,3,3,3,3,2,4,2,4,4,4,5,3,4,4,5,4,2,4,4,4,3,4,4,3,3,4,3,5,4,4,3,4,5,4,4,5,5,4,5
example_0058,1,4,2,1,2,2,3,2,4,1,4,4,4,5,4,2,3,3,5,1,3,2,5,4,3,4,4,3,3,3,3,2,5,2,3,3,4,3,4,5,4,4,5,2,4,5,5,2,5,1,3,4,5,2,3,4,2,3,4,2,3,3
example_0059,2,3,3,4,4,4,1,4,4,2,4,4,4,4,4,3,5,2,4,4,1,1,2,1,3,2,2,1,5,4,3,2,4,2,1,2,4,3,4,3,4,5,3,5,4,4,5,2,5,3,4,2,1,2,1,3,2,2,3,4,2,3
example_0060,1,5,2,1,5,5,2,1,1,4,5,1,5,5,5,1,5,1,5,5,1,1,2,1,1,3,1,1,5,1,5,1,5,1,3,5,3,4,4,1,5,5,5,5,4,5,5,1,5,1,5,1,4,5,2,5,3,3,3,4,2,5
example_0061,5,5,4,4,4,5,5,5,5,5,4,3,4,4,2,3,5,3,5,4,NA,1,4,2,2,3,1,2,4,3,2,3,4,3,1,2,3,3,1,3,4,3,2,4,3,2,2,2,4,4,3,1,1,3,3,4,2,1,3,2,3,3
example_0062,1,3,3,1,3,2,2,2,1,2,5,3,5,5,4,1,5,1,5,2,3,3,4,1,2,1,3,2,4,2,3,1,5,1,2,1,3,2,2,3,3,3,5,4,3,4,4,3,4,2,3,2,3,2,2,2,2,2,2,1,3,2
example_0063,2,5,2,2,2,4,2,4,2,2,5,2,5,4,4,2,5,2,5,2,4,3,4,2,1,2,2,2,4,4,2,2,4,1,1,2,3,4,2,2,4,2,3,4,4,5,4,4,4,3,2,2,1,1,1,3,2,1,2,1,3,4
example_0064,3,4,4,4,4,5,4,3,4,4,4,2,1,4,1,1,5,1,5,3,2,2,2,3,1,2,2,2,3,2,1,2,4,4,1,2,4,2,1,2,4,5,2,5,5,4,5,2,3,2,3,1,2,4,1,3,4,2,2,2,3,1
example_0065,1,4,3,3,4,5,2,4,4,3,3,4,4,3,4,2,5,2,3,4,3,1,1,2,2,3,2,2,5,4,3,4,5,4,3,3,4,2,3,2,4,4,3,5,3,3,4,4,5,2,3,4,3,2,5,5,5,4,4,4,4,4
example_0066,1,2,2,1,3,2,2,1,2,2,5,5,5,5,5,1,1,5,3,1,2,3,4,3,2,2,3,2,4,3,1,1,3,1,2,1,4,3,5,4,5,3,5,4,2,3,4,2,5,2,3,3,4,5,3,3,2,2,4,2,4,4
example_0067,2,2,3,2,2,2,2,2,3,2,4,4,4,4,4,3,2,4,4,2,2,2,2,2,4,3,4,3,4,3,3,4,4,4,2,4,4,2,4,2,2,4,2,3,4,2,3,4,4,2,4,2,4,3,2,5,5,4,5,3,4,5
example_0068,1,4,1,3,3,4,1,1,3,2,5,5,5,5,5,1,5,1,5,1,3,4,4,NA,1,3,3,1,4,5,5,3,5,5,4,5,5,5,4,1,2,4,5,5,5,5,3,4,4,1,4,3,5,2,4,5,5,3,5,2,5,5
example_0069,3,4,4,4,3,4,1,2,3,3,2,2,4,1,2,5,1,5,1,5,1,1,2,2,3,3,1,2,4,3,5,2,4,5,1,2,4,5,4,1,3,5,5,5,3,5,4,3,5,1,4,3,5,5,4,5,5,4,4,5,5,5
example_0070,4,5,4,4,4,4,3,2,4,5,3,2,4,3,1,4,1,4,2,4,2,2,2,2,2,4,1,2,4,1,4,4,3,4,4,4,4,4,4,3,4,4,4,5,4,4,5,2,4,2,5,2,4,4,4,5,4,4,3,3,4,4
example_0071,4,5,2,2,3,5,4,2,4,1,5,5,5,5,5,2,5,2,4,2,2,1,2,1,1,1,2,2,5,3,5,5,4,4,5,5,5,3,5,1,4,2,5,2,5,5,5,2,4,2,5,3,2,2,4,5,5,3,5,3,3,5
example_0072,1,2,3,2,2,3,1,2,4,1,4,4,5,5,2,3,3,3,4,5,4,4,2,2,3,3,4,4,4,2,5,3,4,4,4,4,5,5,5,2,5,2,4,5,5,5,4,1,5,2,5,2,1,1,1,5,3,4,4,5,2,4
example_0073,4,4,4,5,5,4,3,4,4,3,5,5,5,4,4,1,5,2,5,3,1,3,3,2,1,1,1,2,4,2,5,5,5,3,5,5,5,5,5,2,3,4,5,5,4,5,4,4,5,2,5,2,3,2,4,5,4,4,4,4,2,4
example_0074,2,3,2,2,2,2,2,2,3,2,4,4,4,3,4,2,4,2,4,3,2,2,4,2,2,3,2,4,4,4,4,3,3,3,3,2,4,3,3,3,3,3,4,3,4,3,4,3,4,2,5,2,4,3,2,4,4,2,3,3,2,3
example_0075,3,2,3,2,4,3,5,1,3,3,5,2,5,4,3,4,3,5,3,4,5,3,3,3,4,3,3,1,1,3,4,5,4,4,4,4,5,4,4,3,3,2,4,3,4,4,4,3,4,2,5,2,1,3,1,5,1,2,4,3,3,3
example_0076,2,2,5,1,3,4,2,2,4,1,3,1,5,1,2,3,2,5,2,5,1,1,1,1,1,1,1,2,3,2,4,1,3,3,2,2,4,3,3,3,4,5,4,5,4,4,4,2,4,1,3,1,2,4,4,4,1,4,5,4,4,3
example_0077,3,4,2,4,4,4,1,4,4,2,4,3,2,4,3,4,2,4,2,2,2,3,4,3,2,2,3,2,4,4,4,4,2,5,4,2,4,3,2,2,4,4,4,4,4,4,3,4,3,1,2,2,4,4,1,4,2,4,4,4,2,3
example_0078,4,5,3,3,5,5,3,4,2,5,5,5,5,5,5,5,4,3,5,1,1,3,1,1,1,1,3,2,5,1,2,1,4,3,1,1,5,4,4,4,4,5,5,5,5,5,4,3,5,1,4,1,1,1,1,5,1,1,1,1,1,3
example_0079,4,4,4,4,5,2,3,2,2,4,4,2,5,4,1,2,3,3,4,4,1,1,1,1,1,1,1,1,5,1,5,4,5,5,4,5,2,5,5,1,3,4,3,5,3,2,5,4,4,4,5,4,4,3,4,5,4,4,5,5,4,5
example_0080,2,3,3,3,4,3,2,4,3,1,4,2,4,2,4,2,3,3,4,2,3,3,4,3,3,2,3,3,3,2,3,3,4,3,3,3,4,3,3,3,3,3,3,3,3,3,4,3,3,3,3,2,4,3,2,2,4,2,3,2,4,3
example_0081,4,4,5,5,4,4,5,5,5,3,5,4,5,4,4,4,4,2,4,4,5,2,1,2,1,1,1,1,4,2,3,3,4,4,2,5,5,4,5,3,2,4,4,4,3,4,3,3,4,3,3,4,2,3,4,5,5,4,4,5,1,4
example_0082,3,5,5,3,5,5,3,3,4,3,4,3,4,4,3,2,1,5,3,5,1,1,1,1,1,1,1,2,4,2,3,3,4,5,4,5,5,5,5,2,5,4,4,3,5,5,4,2,3,1,3,3,4,2,1,5,4,3,5,5,4,5
example_0083,4,4,3,3,4,5,2,4,4,2,4,4,4,4,3,3,3,4,4,3,2,2,4,2,1,2,1,1,4,2,5,2,3,3,3,2,4,4,3,2,5,5,4,5,5,4,5,1,5,1,3,3,3,4,3,5,4,5,4,5,3,4
example_0084,4,4,5,4,4,4,4,4,4,2,4,4,4,2,4,2,4,2,3,4,1,1,2,2,1,2,1,2,5,1,4,2,4,4,3,3,4,5,4,2,4,4,3,3,4,2,4,2,2,2,4,4,4,4,3,4,4,4,4,5,4,4
example_0085,3,1,4,1,2,1,2,1,2,1,5,4,5,5,4,1,5,1,4,1,1,2,3,1,3,2,3,2,5,3,3,3,4,4,NA,5,5,4,5,1,1,3,5,4,5,5,5,3,5,2,3,2,4,1,1,3,2,3,2,3,3,4
example_0086,2,2,2,2,2,4,1,2,2,1,5,5,5,4,4,2,4,2,4,2,1,2,1,2,2,2,2,4,4,4,4,2,4,3,2,4,5,4,4,2,3,2,5,2,3,5,5,2,1,3,3,2,4,1,2,5,2,3,3,3,3,5
example_0087,1,3,2,2,1,2,1,1,2,1,5,4,5,5,5,1,5,1,5,1,1,4,3,NA,3,2,2,2,5,2,2,4,2,1,2,1,3,4,2,3,3,2,4,4,2,4,2,3,5,2,3,2,1,1,2,3,2,1,2,2,3,3
example_0088,1,2,3,3,3,2,3,1,2,2,3,2,4,4,2,4,2,5,2,3,3,2,2,2,3,4,3,2,3,3,2,2,5,4,2,2,4,3,2,3,4,5,4,5,4,4,5,2,4,2,4,3,3,4,4,4,4,3,4,3,4,3
example_0089,1,3,2,1,3,4,1,3,3,1,5,5,5,1,5,1,5,1,5,1,1,1,4,1,1,1,2,1,5,2,1,4,5,1,1,4,4,1,1,4,3,1,4,1,4,4,1,4,5,2,1,1,2,1,3,5,4,1,1,1,3,2
example_0090,3,4,5,5,4,4,4,3,4,5,2,2,4,3,1,5,1,5,1,4,1,2,1,2,2,2,2,3,4,2,4,4,4,5,4,4,4,5,3,1,4,5,5,5,5,5,5,2,4,1,5,5,2,5,4,5,4,5,5,5,4,5
example_0091,4,5,5,4,5,4,3,4,5,4,2,2,2,3,2,2,5,1,4,3,1,1,3,1,1,1,1,1,5,1,3,2,4,2,1,1,4,2,3,2,3,5,5,4,5,5,4,2,5,1,2,2,3,2,2,4,3,2,3,3,4,4
example_0092,3,4,4,3,3,4,5,3,3,4,4,3,5,4,5,1,5,1,4,4,1,1,1,1,3,2,2,1,5,1,4,4,5,3,1,4,4,4,4,1,5,5,5,5,5,4,4,1,5,1,5,3,3,2,3,5,4,3,3,5,1,5
example_0093,3,5,5,4,5,5,5,4,4,5,1,1,2,1,1,5,1,5,2,5,2,1,1,2,1,3,1,1,3,1,4,2,3,4,1,4,2,5,2,3,4,5,3,5,4,2,5,2,5,2,3,4,2,3,3,4,4,4,4,3,1,4
example_0094,3,3,4,4,4,3,3,2,2,2,3,1,2,2,2,4,2,4,2,4,2,2,1,2,1,3,2,3,4,3,3,1,3,2,1,2,4,3,3,2,4,5,3,5,4,4,5,2,3,3,4,3,4,4,2,4,4,4,3,2,4,3
example_0095,1,2,2,2,3,5,2,2,2,1,4,4,4,4,4,3,4,2,3,2,5,4,3,5,5,4,5,2,1,5,3,3,4,4,3,3,4,4,3,3,3,4,3,5,4,4,5,2,5,3,5,4,5,4,5,4,4,5,5,5,4,3
example_0096,4,5,3,3,5,5,NA,5,5,5,2,1,1,3,1,5,1,5,1,1,5,5,5,5,5,5,5,5,1,1,5,2,5,1,NA,1,1,3,1,1,3,5,5,1,5,5,5,2,5,1,5,1,5,4,5,4,1,1,5,1,1,5
example_0097,1,4,2,1,1,4,1,5,2,3,4,1,2,2,1,5,5,1,5,5,5,4,5,5,4,5,5,5,1,3,1,1,5,2,1,1,3,2,1,4,5,5,3,5,5,5,5,1,3,1,2,1,1,1,1,2,1,1,1,1,1,3
example_0098,1,2,2,2,2,2,2,3,2,2,3,3,4,4,4,3,3,3,3,3,3,3,2,2,4,2,3,3,3,3,4,2,5,3,3,4,3,4,3,1,4,2,3,3,3,3,4,3,4,4,3,3,4,2,3,5,3,5,5,5,3,5
example_0099,3,1,1,1,3,1,1,3,3,1,5,5,5,1,5,1,5,1,3,5,1,3,1,1,1,1,5,1,5,3,3,1,5,3,5,1,5,5,1,1,1,1,5,1,3,5,3,1,3,5,3,1,5,1,3,3,5,4,1,5,4,1
example_0100,5,5,3,4,3,5,3,2,3,2,4,3,4,2,4,2,3,3,3,4,1,2,1,1,2,1,2,1,5,2,3,3,4,3,1,3,3,3,3,3,2,4,4,3,3,5,4,3,4,3,4,4,1,3,2,2,3,3,4,3,2,3
example_0101,3,5,4,3,5,1,4,3,3,4,3,2,4,3,3,3,2,5,2,4,1,1,1,1,1,1,NA,3,4,1,4,3,5,4,2,2,3,4,4,4,2,3,5,4,3,5,3,5,4,1,5,1,3,5,3,5,4,3,3,2,4,4
example_0102,2,5,2,1,3,4,1,1,1,4,4,4,4,5,3,4,5,1,4,1,2,5,4,2,4,1,5,5,5,3,5,3,4,5,2,5,4,4,1,2,4,5,4,4,3,4,4,2,1,4,3,2,5,2,3,3,2,4,4,1,5,4
example_0103,4,4,3,3,2,5,1,2,3,1,5,4,5,1,5,1,4,1,5,1,2,1,3,2,4,3,3,2,5,1,3,1,5,1,1,1,3,3,3,1,5,5,5,5,5,5,4,1,5,1,3,1,2,2,1,4,2,1,2,2,3,4
example_0104,5,5,4,5,4,5,4,5,5,2,2,2,2,4,3,2,4,2,5,3,1,1,4,2,1,2,1,2,5,3,1,1,4,2,1,2,3,3,3,4,2,5,5,5,4,5,5,4,4,1,3,2,2,4,2,5,2,3,3,2,2,3
example_0105,5,5,3,5,5,5,1,1,5,1,1,3,3,1,1,5,5,1,5,1,5,1,3,1,1,1,2,1,5,2,1,2,3,2,3,1,4,2,1,5,3,5,3,5,1,5,2,5,5,2,3,2,1,5,1,2,2,1,1,2,4,1
example_0106,5,4,4,4,3,4,2,4,4,3,2,2,5,2,2,4,3,4,3,4,1,2,4,4,4,2,4,2,4,2,4,2,4,5,4,3,4,4,4,1,4,4,4,4,4,4,4,3,5,3,4,4,3,3,3,4,4,5,4,5,3,4
example_0107,4,5,5,5,5,5,5,4,2,5,4,3,5,3,4,2,4,2,3,5,1,1,2,1,1,1,1,1,5,1,4,4,4,4,4,5,4,5,5,2,5,5,5,5,4,1,5,1,5,1,5,3,3,4,4,5,4,4,3,4,3,4
example_0108,2,3,4,2,2,3,2,2,2,2,4,3,4,4,4,2,4,4,4,4,1,1,3,2,2,NA,1,2,4,3,4,4,4,2,2,4,4,4,4,4,5,4,5,4,5,5,4,1,4,1,4,1,2,3,2,4,2,1,3,1,3,4
example_0109,3,4,2,3,3,4,2,2,3,1,2,4,3,2,1,5,1,5,2,5,2,4,3,3,4,5,4,2,1,3,4,5,4,4,4,4,5,5,5,2,5,4,5,4,5,5,4,1,4,1,5,1,5,3,2,5,4,5,1,5,5,5
example_0110,5,5,4,3,4,4,4,4,5,3,3,2,4,4,2,3,3,3,3,5,1,1,4,2,2,2,2,2,5,2,2,2,5,1,4,1,3,3,3,4,4,3,5,3,3,5,4,3,3,2,3,1,1,2,2,2,2,1,2,2,2,3
example_0111,4,4,4,4,5,5,NA,3,3,4,2,2,3,2,2,5,1,5,1,5,1,2,1,2,1,2,2,2,5,2,2,2,2,4,2,NA,4,5,2,3,3,4,4,4,4,2,4,2,5,2,5,3,2,3,4,4,4,5,4,4,3,3
example_0112,3,2,4,3,2,3,2,1,1,1,5,3,5,2,1,1,5,1,4,3,1,3,3,1,1,2,3,1,5,3,5,2,4,5,3,3,5,5,5,1,3,1,NA,5,3,1,4,5,5,3,3,1,1,2,1,5,1,2,5,4,2,3
example_0113,1,1,1,1,1,1,1,1,2,3,1,2,3,NA,3,5,2,5,5,1,1,4,5,1,1,1,3,1,5,1,1,2,5,3,1,1,5,3,1,1,5,5,3,5,5,3,5,1,5,1,5,1,4,4,5,5,1,1,3,5,3,5
example_0114,3,5,5,5,5,5,3,5,5,5,2,1,5,2,1,5,1,1,1,5,1,1,1,1,1,1,1,1,5,1,4,3,5,1,5,5,5,1,5,1,2,1,3,5,5,5,5,5,5,1,5,3,1,5,1,5,3,5,5,5,3,3
example_0115,5,5,5,5,5,4,4,4,4,4,4,4,3,1,2,3,2,5,2,4,2,1,1,2,2,2,2,2,4,2,5,5,4,5,5,5,5,5,5,2,3,4,4,4,4,4,4,3,3,2,5,3,3,4,4,5,4,4,4,3,4,4
example_0116,3,5,4,4,5,5,3,4,2,4,5,4,5,4,2,1,3,4,4,5,1,1,2,1,1,1,1,3,4,3,4,5,4,4,2,5,4,4,4,3,3,3,2,3,3,4,3,5,5,3,4,3,2,4,2,5,3,2,3,2,3,5
example_0117,3,1,3,2,3,3,1,1,5,1,5,3,5,1,5,1,5,1,5,3,5,1,2,1,1,5,3,1,5,1,1,1,3,5,3,1,5,3,1,3,3,1,5,1,5,5,5,3,5,1,5,2,1,4,5,3,1,1,4,5,1,5
example_0118,5,5,5,1,5,1,5,1,5,1,5,1,5,1,5,1,5,1,5,1,1,1,5,1,5,1,5,1,5,1,5,1,5,1,5,1,5,1,5,1,5,1,5,1,5,1,5,1,5,1,5,1,1,4,5,3,3,2,5,5,2,5
example_0119,3,3,4,3,5,5,4,1,3,2,1,3,3,2,4,5,3,4,2,5,1,1,1,1,1,1,1,3,5,1,5,2,5,5,3,2,4,5,5,1,5,4,5,4,5,5,5,1,5,1,5,3,3,5,3,5,4,4,4,5,2,5
example_0120,1,2,2,2,2,2,2,2,2,2,4,3,4,5,3,3,4,2,3,2,2,2,1,2,2,2,2,2,4,3,2,3,3,2,1,2,4,2,2,4,4,5,5,5,4,4,5,2,5,2,3,2,2,2,2,2,2,2,1,3,2,2
example_0121,4,5,5,1,5,5,4,1,1,5,1,2,2,1,2,5,1,5,2,5,1,1,1,1,1,3,1,1,5,1,4,3,5,5,3,5,5,5,5,1,4,4,5,5,5,5,5,5,5,1,5,5,3,5,1,5,5,5,5,5,1,2
example_0122,3,5,4,5,5,5,5,5,4,5,5,5,5,4,3,2,5,2,4,2,2,3,3,1,3,3,3,3,4,3,2,3,3,3,1,5,4,3,3,1,4,3,3,3,3,3,4,3,3,3,4,2,3,3,3,5,4,3,3,3,4,3
example_0123,4,4,3,4,4,5,1,3,5,2,3,2,4,2,5,5,2,5,3,4,2,3,3,2,2,4,2,2,3,3,3,4,5,4,2,3,4,5,3,2,5,3,4,4,3,5,4,2,4,2,3,2,4,3,1,3,2,2,4,4,3,3
example_0124,4,5,5,4,4,5,5,3,4,4,1,2,2,2,2,4,2,4,2,4,1,1,1,1,2,1,1,1,5,1,5,5,5,5,5,5,5,5,5,1,4,4,4,3,4,2,5,2,5,3,5,4,3,4,3,5,4,5,5,5,2,5
example_0125,2,1,2,1,3,3,3,1,1,1,5,3,5,4,3,1,3,4,4,2,1,1,1,2,2,1,1,2,3,2,4,5,4,5,2,4,3,5,3,2,4,5,3,5,4,4,3,3,5,2,4,2,1,2,1,5,1,3,3,4,4,4
example_0126,1,4,1,2,3,2,1,2,1,1,4,2,5,3,4,2,4,4,4,4,2,2,1,5,4,4,2,4,2,2,5,5,4,5,5,5,5,5,4,2,4,4,4,5,4,4,4,2,4,2,5,2,2,5,4,4,4,4,5,4,2,4
example_0127,1,5,3,3,3,4,2,3,3,2,4,3,5,1,3,4,5,2,2,1,2,3,2,2,2,3,1,2,4,5,3,4,4,4,3,4,3,5,2,2,3,5,5,5,4,5,4,4,5,2,3,3,2,3,2,4,4,5,4,3,3,3
example_0128,3,4,3,3,4,4,4,2,3,4,4,3,4,4,3,3,4,2,4,3,5,3,5,5,5,4,5,4,1,4,4,4,5,4,5,5,5,5,4,4,3,5,4,3,4,4,4,3,2,3,5,4,2,5,3,3,4,1,4,5,5,3
example_0129,1,2,3,1,2,4,1,2,3,1,3,2,5,4,3,2,3,5,3,3,1,1,2,1,1,1,1,1,4,2,3,3,4,2,3,3,3,3,2,3,4,4,5,5,3,5,5,4,5,2,3,1,2,2,4,4,2,2,3,1,2,4
example_0130,4,4,4,3,4,4,4,2,4,3,2,2,3,2,2,2,3,4,5,4,2,2,3,2,2,3,2,2,4,2,3,2,3,4,1,2,2,3,3,3,4,2,4,2,4,4,5,2,4,2,3,2,2,3,2,3,2,2,2,2,3,4
example_0131,3,5,5,5,4,4,5,3,4,4,5,3,4,4,4,1,4,1,2,2,1,1,1,1,2,1,1,1,5,1,4,4,5,4,1,5,4,4,4,1,5,2,3,3,4,3,3,3,4,3,3,3,4,2,3,5,4,2,4,1,4,5
example_0132,2,4,NA,4,4,4,2,3,4,3,5,3,5,5,2,4,5,2,4,2,1,1,3,2,1,2,2,2,4,4,4,2,4,2,3,4,4,3,4,2,4,4,4,4,2,4,2,2,4,4,4,1,2,3,1,4,2,2,2,NA,1,4
example_0133,3,3,5,2,5,5,3,4,5,5,2,3,4,1,2,4,1,5,2,5,3,2,4,1,2,NA,2,2,4,1,4,5,5,5,4,NA,5,3,5,1,2,3,5,2,4,4,4,5,4,2,4,3,2,5,4,5,2,5,5,1,3,5
example_0134,4,2,2,2,2,2,2,2,2,1,5,3,4,3,2,3,2,4,4,4,2,2,2,4,4,2,4,2,3,4,5,5,5,5,2,5,5,2,5,1,4,2,4,3,4,4,4,3,4,3,4,3,4,2,1,4,3,4,2,4,2,4
example_0135,1,2,3,1,1,2,4,2,4,1,4,4,4,3,2,2,2,4,4,3,1,2,2,1,3,3,2,2,3,4,4,4,5,4,2,5,4,2,5,2,5,4,2,4,4,2,5,1,4,2,5,1,3,4,1,5,3,3,4,4,3,4
example_0136,4,5,4,5,4,4,4,3,5,4,3,3,4,4,5,2,4,2,3,3,2,2,4,2,4,1,3,4,4,2,1,1,2,1,1,1,2,2,1,2,4,3,5,3,3,5,5,3,3,3,4,1,1,3,1,3,1,1,1,2,1,3
example_0137,3,2,4,3,3,5,4,2,3,2,4,3,4,2,3,4,4,5,2,5,1,1,3,2,1,2,1,1,5,1,4,5,4,4,2,2,5,5,5,1,5,4,5,5,4,5,4,2,4,1,3,3,5,4,4,5,5,4,4,5,3,5
example_0138,1,4,2,2,2,5,2,2,3,1,2,3,2,2,3,3,3,2,3,4,4,2,2,4,3,4,4,3,4,3,5,5,4,4,2,4,4,3,4,2,4,4,4,4,5,4,4,2,5,1,4,2,1,4,2,3,3,2,2,2,1,2
example_0139,4,3,3,5,4,3,2,5,4,4,2,4,2,4,2,5,2,5,2,2,4,2,5,4,3,5,3,2,2,4,4,4,5,5,4,5,3,4,4,2,5,4,4,4,4,4,4,2,4,2,5,4,4,4,4,5,4,5,5,5,4,4
example_0140,3,3,3,2,3,3,1,2,4,2,5,5,5,5,5,1,5,2,5,1,1,2,3,1,1,1,1,1,4,2,1,3,4,1,1,1,3,2,1,4,1,3,5,5,1,5,3,5,5,3,3,1,1,1,1,3,1,1,4,3,2,3
example_0141,3,3,3,4,3,3,4,4,5,2,1,2,3,5,1,4,2,4,2,2,2,2,1,2,2,3,2,2,4,2,2,2,5,2,1,2,3,4,1,2,5,5,5,5,5,5,4,1,5,2,5,2,3,5,1,4,1,2,2,3,3,2
example_0142,3,2,3,2,3,3,4,2,2,1,4,2,5,5,4,2,4,3,2,1,5,2,2,1,2,2,2,3,5,3,3,2,5,2,4,4,4,2,2,1,4,5,4,5,3,4,5,3,5,1,4,2,4,5,3,4,2,3,4,4,4,4
example_0143,1,2,1,1,2,2,1,3,3,3,2,3,3,1,3,5,5,1,5,1,5,4,5,5,3,5,5,4,1,4,3,3,5,2,1,2,3,4,1,3,4,4,5,2,4,5,3,2,2,3,2,4,3,3,3,2,4,4,2,2,5,2
example_0144,4,5,4,5,5,5,4,5,5,3,4,4,5,3,4,1,4,4,4,2,2,1,4,4,2,2,2,2,1,4,1,1,3,1,1,1,1,3,2,4,4,5,5,4,4,5,5,3,4,1,4,3,1,3,1,3,1,2,2,3,2,3
example_0145,4,4,1,4,4,5,2,1,3,1,5,5,4,3,5,1,4,1,5,1,3,5,5,5,1,5,4,2,1,5,4,2,4,1,1,1,4,1,1,5,3,3,1,4,3,4,2,4,2,5,3,1,5,1,2,5,3,1,3,2,1,5
example_0146,3,3,4,3,3,2,2,4,2,3,3,3,4,4,3,3,4,2,3,3,4,3,1,2,3,2,2,3,3,3,4,4,3,3,5,5,3,4,4,3,3,4,3,3,3,2,3,4,4,3,3,3,3,3,4,3,3,4,3,3,2,4
example_0147,3,4,4,3,4,4,4,3,4,4,2,2,2,4,4,4,2,4,3,4,4,2,2,4,4,4,4,5,4,2,2,5,2,5,3,3,4,1,4,5,4,4,4,4,4,5,4,2,4,3,2,2,2,2,1,1,2,2,2,3,2,2
example_0148,2,1,2,2,2,2,4,2,2,2,3,2,4,4,1,5,2,4,1,4,1,2,1,1,2,2,2,2,5,3,2,3,3,3,2,4,3,4,2,3,4,4,5,4,4,5,4,3,4,2,4,2,3,3,4,4,3,2,2,2,3,4
example_0149,2,3,4,2,3,3,2,2,2,2,4,3,4,4,2,4,2,4,3,3,1,2,2,1,2,1,1,2,5,2,3,2,4,3,3,2,4,3,3,2,4,4,4,4,3,4,4,2,5,3,5,2,4,2,4,4,5,3,4,4,3,4
example_0150,2,2,3,2,2,2,3,3,2,2,4,4,4,3,4,2,4,2,4,2,1,2,1,1,2,2,3,3,5,3,2,4,4,3,2,2,2,4,2,3,3,3,4,2,3,4,3,4,4,3,3,4,4,2,3,4,4,3,3,2,4,3
example_0151,2,1,3,2,2,3,2,2,2,1,4,2,4,2,2,2,4,3,4,5,2,3,4,2,3,3,3,2,3,3,4,3,4,2,2,2,3,2,4,2,4,3,3,3,4,4,4,3,3,2,3,1,3,4,1,5,1,2,4,2,3,3
example_0152,1,3,3,2,2,3,4,2,3,1,5,4,5,3,4,1,5,1,5,3,1,3,3,2,2,3,2,2,2,2,2,3,4,2,4,5,4,4,5,2,3,3,3,3,3,3,4,4,4,3,4,3,4,3,4,5,4,3,3,3,4,5
example_0153,3,5,4,4,4,5,4,4,4,5,1,2,4,2,2,5,1,5,1,4,4,1,1,1,2,1,1,2,5,1,4,2,5,4,2,4,3,5,2,1,3,5,5,5,5,5,4,4,4,1,5,3,2,4,4,5,5,5,5,5,3,5
example_0154,4,2,5,3,4,2,5,3,4,3,2,1,5,4,3,4,3,3,3,5,5,2,2,2,3,2,1,2,3,2,5,5,4,4,5,3,5,3,5,2,3,3,3,3,3,3,4,3,4,3,5,3,2,3,3,4,3,3,5,4,2,3
example_0155,5,5,5,3,5,4,5,4,2,5,1,1,4,5,1,3,1,5,1,5,3,1,1,2,2,3,1,2,4,1,4,2,2,3,3,1,3,3,2,2,4,5,5,4,4,5,5,2,4,2,5,2,4,3,3,5,4,4,5,3,3,4
example_0156,2,4,4,4,4,4,2,3,4,2,1,4,3,1,4,4,1,5,4,5,1,3,1,2,3,3,3,2,4,2,5,2,4,5,2,5,4,5,4,1,4,5,4,5,5,5,4,4,5,1,5,3,4,4,1,4,4,4,3,2,3,5
example_0157,1,3,4,2,2,3,1,1,1,1,4,2,4,2,3,2,4,3,3,2,1,3,1,1,1,2,3,2,4,2,2,2,3,3,2,4,1,3,3,3,5,5,5,5,5,5,3,1,NA,1,3,1,3,3,1,3,1,1,4,5,1,2
example_0158,4,5,5,5,5,5,5,4,5,5,1,1,1,1,1,5,1,5,1,5,1,1,2,1,2,2,1,1,5,1,4,3,5,2,1,1,2,2,2,2,5,5,4,5,5,3,5,1,2,1,4,4,3,5,1,4,4,2,3,1,2,4
example_0159,2,3,4,4,4,5,3,3,3,3,4,4,4,4,2,5,2,5,2,5,1,3,1,2,1,2,1,1,5,2,4,5,5,5,3,5,5,5,5,3,3,4,4,3,4,5,4,3,5,2,5,5,3,4,5,5,4,5,5,5,3,5
example_0160,2,3,2,3,3,4,2,2,3,2,3,1,4,4,3,4,5,1,4,4,2,2,4,4,1,2,2,2,3,3,4,4,3,4,4,4,4,2,4,3,1,3,4,4,5,5,4,5,4,2,4,3,1,3,2,4,2,2,5,3,2,4
example_0161,3,3,3,3,2,1,2,4,3,3,3,3,3,4,2,3,3,3,2,3,4,2,2,2,3,3,2,3,4,3,2,3,2,2,2,3,2,3,2,3,4,1,2,1,3,1,3,3,3,4,3,2,3,3,2,4,3,3,3,2,2,3
example_0162,1,1,1,1,1,1,1,1,1,1,5,4,5,5,4,3,2,4,2,1,2,1,1,1,2,1,1,4,5,3,4,2,3,3,1,1,3,2,4,3,2,3,1,3,3,2,2,5,5,3,3,3,4,2,1,5,2,3,1,2,3,1
example_0163,1,3,3,1,2,4,5,1,1,1,4,5,5,3,1,1,3,3,5,1,1,3,2,2,2,1,2,1,3,3,3,2,3,1,1,1,3,3,1,4,3,3,4,4,3,5,4,5,3,1,2,1,1,2,2,3,2,1,2,1,1,3
example_0164,3,3,2,4,4,5,5,2,2,1,5,5,5,5,4,3,5,2,4,3,1,2,1,2,4,1,1,2,4,2,5,2,4,5,1,5,2,3,4,3,5,3,5,5,5,5,4,1,5,3,3,2,1,2,3,5,3,4,4,5,1,5
example_0165,2,4,4,2,3,2,2,1,1,1,4,2,4,4,4,4,4,2,2,3,2,2,1,2,2,2,2,4,4,2,5,4,4,4,4,2,4,4,2,4,4,4,2,4,2,2,4,4,5,3,3,2,1,2,2,5,4,2,5,1,3,4
example_0166,1,3,5,1,4,1,2,1,1,2,4,2,1,5,5,1,5,1,5,1,5,5,4,5,5,4,5,5,1,3,3,1,1,1,3,1,5,1,5,4,5,2,4,1,2,3,2,3,1,4,2,2,4,1,5,1,3,2,3,2,4,1
example_0167,2,5,4,5,5,5,1,5,5,5,5,4,2,4,2,1,5,1,5,3,2,2,5,3,1,3,1,2,4,3,4,2,4,2,5,5,5,4,5,2,5,3,3,4,2,3,5,1,4,5,4,5,5,2,5,4,5,3,5,5,5,5
example_0168,4,2,4,4,4,4,5,3,3,3,2,3,4,5,2,3,2,4,2,5,2,1,1,3,2,3,2,3,3,2,4,4,4,4,3,4,4,2,4,3,2,4,3,4,5,3,5,4,3,2,4,4,4,4,3,5,4,5,5,3,3,3
example_0169,3,3,3,3,2,2,4,5,1,3,4,4,5,3,4,2,3,2,4,3,2,2,2,5,2,1,1,2,4,3,3,3,4,3,3,3,2,3,2,2,3,3,4,3,4,2,4,3,5,3,4,1,2,3,4,5,4,4,4,4,2,4
example_0170,3,4,3,2,3,5,3,2,3,2,4,4,4,5,2,4,4,3,1,1,2,3,1,1,2,1,2,3,5,2,1,3,5,3,3,4,2,2,1,3,5,5,5,5,4,4,5,2,5,2,4,3,1,3,3,3,2,4,1,3,4,3
example_0171,1,4,4,4,3,5,1,2,2,1,4,4,3,5,4,1,5,2,5,2,1,2,4,1,1,2,1,1,5,4,5,4,4,5,4,5,5,4,5,1,3,4,2,4,4,2,4,2,3,2,4,3,1,2,1,5,4,2,2,4,2,5
example_0172,3,3,3,3,3,3,3,4,5,3,2,3,4,3,2,4,2,3,2,4,5,2,1,2,2,1,1,3,5,2,3,4,4,5,3,3,3,2,5,3,3,3,3,5,3,4,3,3,5,2,4,3,3,2,4,3,4,3,3,4,3,4
example_0173,3,2,2,2,4,4,3,3,4,2,5,3,5,4,3,2,4,3,3,2,1,1,4,1,1,2,2,2,4,3,2,2,4,3,1,2,2,3,3,3,4,4,5,4,4,5,4,3,4,1,4,1,2,3,1,4,2,2,3,4,3,4
example_0174,3,5,1,2,2,5,1,2,4,2,2,1,2,3,1,2,5,1,4,4,4,2,3,2,2,3,1,3,4,4,4,3,4,4,1,2,3,2,4,3,5,5,5,5,5,5,5,1,5,1,5,1,3,5,2,5,1,1,4,5,1,5
example_0175,5,2,4,4,5,1,5,4,5,5,4,4,5,3,1,3,4,3,4,4,5,1,1,1,1,1,1,2,5,1,4,4,3,3,5,5,5,2,5,1,3,3,5,2,4,4,4,5,5,2,3,3,2,3,2,5,2,2,5,3,2,4
example_0176,1,3,2,2,2,3,2,2,4,1,3,2,5,4,2,4,3,3,3,2,1,2,1,2,3,1,2,3,4,3,3,2,3,3,1,4,5,4,2,2,3,4,4,5,4,4,3,4,5,2,4,3,4,2,2,4,4,2,5,4,3,3
example_0177,3,1,5,1,4,3,5,4,3,2,5,4,5,3,3,2,3,3,4,4,5,1,5,1,1,1,1,2,5,3,3,2,4,3,2,1,4,3,2,2,4,5,5,5,5,4,4,2,5,1,5,2,4,4,4,4,3,4,4,5,3,4
example_0178,4,3,1,2,2,2,1,3,4,2,4,4,4,2,3,3,4,3,5,4,3,4,2,4,2,5,2,3,2,3,4,2,5,5,2,2,4,4,3,1,5,5,5,5,5,5,5,1,5,1,5,2,4,3,4,5,3,3,3,5,4,4
example_0179,1,4,1,2,1,4,1,4,2,1,5,5,5,5,4,2,5,1,5,1,2,3,5,3,3,3,4,4,2,3,3,2,5,4,1,2,5,4,1,1,5,5,5,5,5,5,5,1,5,1,5,1,1,4,1,5,3,1,3,4,1,5
example_0180,2,4,4,4,4,3,2,3,5,5,1,5,3,3,2,5,3,5,2,5,4,1,1,3,2,3,1,4,3,1,5,5,5,5,5,5,2,5,5,5,3,3,4,5,4,5,5,5,2,1,4,3,2,5,4,5,5,4,5,5,3,4
example_0181,4,5,4,3,4,4,4,3,4,3,3,3,3,2,3,4,3,3,3,2,4,2,3,2,2,3,3,3,4,2,4,3,3,4,3,4,4,4,4,2,4,4,4,4,3,4,5,2,3,2,1,3,2,4,3,2,4,5,1,3,3,4
example_0182,1,4,4,4,3,2,1,3,1,1,2,3,5,3,3,3,3,3,2,3,4,1,1,2,3,1,4,5,4,2,3,4,5,5,4,4,3,4,5,2,3,3,4,5,4,5,4,3,4,2,2,5,3,4,4,4,3,4,4,5,3,5
example_0183,2,3,3,3,2,3,1,4,4,3,5,5,5,1,4,1,5,1,5,1,3,3,2,2,2,1,3,3,5,1,3,4,5,3,3,2,4,3,2,3,5,5,5,5,4,5,5,2,5,2,2,4,5,2,2,3,2,1,2,2,3,3
example_0184,5,5,5,5,5,5,NA,4,5,5,3,2,4,4,2,4,3,4,2,4,1,1,3,2,1,2,1,1,4,1,4,2,2,2,2,1,2,5,4,2,5,5,5,5,5,5,5,3,5,1,5,3,4,5,4,5,5,5,5,5,4,5
example_0185,2,5,5,5,5,5,4,4,5,5,1,3,3,5,2,5,1,5,1,5,2,2,1,2,1,4,1,3,4,3,5,4,5,5,4,5,4,3,5,1,5,4,3,4,4,3,5,3,4,2,5,3,4,2,4,5,4,5,5,5,3,5
example_0186,3,2,2,2,2,3,2,3,3,1,5,3,5,4,4,3,2,4,4,2,4,4,2,4,4,3,3,4,2,3,3,4,4,3,3,5,4,4,3,2,2,4,4,4,3,4,3,4,4,3,4,2,1,2,2,3,2,1,3,4,3,3
example_0187,2,2,3,1,5,3,1,1,3,1,1,1,1,3,1,4,1,5,4,5,3,4,5,4,1,1,5,1,5,3,5,5,3,1,1,5,3,3,4,1,4,5,5,5,5,5,4,5,5,1,5,1,1,5,1,5,4,2,5,1,1,5
example_0188,1,1,1,1,4,2,1,1,2,1,2,2,1,4,4,4,2,5,3,4,4,2,1,1,2,3,2,3,4,2,1,2,3,4,1,2,4,2,3,2,2,4,4,3,4,2,4,4,4,2,4,1,2,5,2,3,2,2,4,2,3,5
example_0189,2,2,2,5,3,2,2,1,2,1,3,1,4,4,4,2,2,2,4,2,4,1,1,1,2,1,4,2,4,4,1,3,2,2,1,1,2,3,2,3,2,4,2,2,2,2,2,4,4,2,2,1,1,4,2,2,1,4,4,2,1,3
example_0190,4,5,5,5,5,5,5,4,5,5,4,2,4,3,5,3,4,4,4,4,2,1,2,2,1,1,1,2,4,2,3,1,3,3,2,3,3,2,4,2,5,3,4,2,4,3,3,2,2,2,4,1,3,4,1,5,4,3,5,5,2,5
example_0191,4,4,4,4,4,4,4,4,4,3,3,2,4,3,4,4,2,4,4,4,2,2,2,2,3,2,2,2,3,2,4,4,4,4,2,5,4,3,4,2,4,3,5,2,3,5,4,2,3,3,3,2,3,2,4,4,4,4,4,3,4,4
example_0192,5,4,2,1,3,4,1,2,2,1,5,2,5,5,5,4,5,5,4,5,1,1,4,1,5,3,1,1,5,1,2,1,5,1,2,4,5,3,1,1,5,5,5,5,5,5,5,5,5,1,4,1,1,4,1,3,1,1,4,3,1,4
example_0193,2,3,2,1,2,1,3,1,2,1,5,5,5,1,3,1,5,1,5,1,1,3,2,1,3,1,3,2,5,3,2,1,5,2,1,2,2,3,5,3,1,2,3,2,2,4,4,4,5,4,3,2,2,1,2,4,2,1,2,2,3,3
example_0194,1,2,4,2,4,3,2,3,3,1,3,1,3,1,3,4,1,5,2,4,2,1,1,2,2,2,2,2,4,3,5,3,4,4,3,4,4,5,5,3,4,5,5,5,5,4,4,2,5,1,5,3,4,5,4,5,4,4,5,5,3,5
example_0195,4,4,5,4,2,4,4,3,4,3,4,3,5,5,2,2,4,2,4,2,3,1,2,3,3,1,3,2,3,2,2,4,3,2,2,4,2,4,2,3,4,3,3,3,4,4,3,2,4,4,3,2,2,2,3,4,2,1,3,3,2,4
example_0196,2,1,3,1,3,1,2,2,3,1,4,4,4,3,4,3,3,3,4,3,2,3,3,2,2,1,3,2,2,3,4,2,4,3,3,4,4,4,4,2,4,3,3,3,4,4,3,2,4,3,3,3,3,3,2,5,2,3,4,2,3,4
example_0197,4,5,5,5,5,5,4,3,4,4,5,3,4,3,3,2,3,3,3,5,1,1,1,1,1,1,2,3,4,3,3,4,3,4,2,3,4,3,4,3,3,2,5,3,4,5,3,3,2,2,3,3,4,3,2,4,3,3,3,2,4,4
example_0198,3,5,3,4,4,4,3,4,4,5,2,3,2,3,2,4,2,4,2,5,4,2,4,3,2,3,2,2,4,3,3,3,3,4,2,4,4,4,2,4,3,4,3,3,4,5,3,3,3,2,4,1,1,3,2,4,3,4,3,2,2,3
example_0199,1,4,3,3,4,3,2,3,2,3,4,4,4,4,1,3,3,2,4,2,1,2,1,1,1,2,3,1,4,1,5,NA,3,3,3,3,3,3,3,2,3,4,3,3,3,3,4,3,5,3,4,2,2,4,3,5,3,3,3,4,2,5
example_0200,4,1,3,2,3,3,1,1,1,1,5,3,5,2,4,5,3,4,3,4,2,1,3,3,2,4,1,3,2,3,3,5,3,3,2,3,5,3,5,3,2,3,3,4,3,4,3,4,1,3,4,1,4,2,3,3,3,1,3,5,3,5
example_0201,4,5,5,5,5,5,5,5,5,4,5,1,2,1,5,2,2,5,1,5,1,1,1,1,1,1,1,1,5,1,2,1,4,1,1,1,1,1,1,4,5,5,5,5,5,5,5,1,3,1,3,1,1,4,1,3,1,1,1,1,1,1
example_0202,5,5,5,5,5,5,5,5,5,5,2,1,3,5,5,3,4,2,3,3,1,1,1,1,1,3,1,1,5,1,4,1,3,3,4,2,3,3,3,1,4,5,5,5,5,5,5,3,5,1,4,1,1,2,1,4,1,1,3,4,1,4
example_0203,3,2,2,2,4,4,3,2,2,2,4,4,5,4,4,3,1,5,3,3,1,3,1,2,1,2,2,2,4,2,4,4,4,5,4,4,4,5,3,4,4,2,5,4,4,4,4,3,5,3,4,2,4,3,3,4,4,4,4,4,4,3
example_0204,4,5,1,2,1,4,1,2,3,1,5,4,5,1,5,1,5,2,5,1,3,2,1,1,2,2,1,3,5,2,2,4,4,4,1,2,5,3,5,1,3,4,5,5,3,4,3,3,3,2,3,2,2,1,2,4,4,4,2,2,2,4
example_0205,1,2,2,4,4,3,2,3,3,1,2,2,4,1,2,2,2,4,4,5,4,3,3,4,2,4,2,4,2,2,2,2,3,4,1,2,1,2,4,3,5,5,5,5,4,5,5,2,3,2,4,2,2,2,1,5,4,3,3,4,4,4
example_0206,4,4,5,4,4,4,5,4,5,4,1,NA,4,1,1,5,3,5,2,5,2,1,4,2,2,4,2,1,4,2,3,1,5,2,3,4,2,5,3,3,5,3,4,3,3,4,5,2,4,3,3,1,1,4,3,5,4,3,4,4,3,4
example_0207,3,4,3,3,5,4,2,3,3,2,4,4,4,4,5,2,4,2,4,2,1,2,1,2,1,1,2,2,5,2,4,2,5,3,2,2,4,4,4,2,4,5,5,5,4,5,5,4,5,1,5,1,3,2,1,5,2,1,3,3,2,3
example_0208,1,1,2,3,3,3,1,4,4,2,2,1,3,4,2,5,1,5,1,5,4,1,4,1,1,2,1,3,5,4,2,3,5,3,2,2,4,2,3,4,5,4,5,5,4,5,2,1,5,1,4,3,4,4,2,2,4,3,2,1,3,2
example_0209,4,3,3,3,1,3,3,3,4,3,2,4,4,3,4,3,4,3,3,3,4,2,3,3,2,3,3,3,3,3,2,3,5,5,4,5,4,4,4,3,2,3,3,4,3,3,2,4,2,3,3,3,1,4,2,5,3,1,5,4,2,3
example_0210,3,5,5,3,5,5,5,3,3,5,2,3,3,2,2,4,4,4,1,4,5,1,2,1,1,1,2,1,5,1,2,3,3,3,3,3,3,4,2,3,5,5,5,5,5,5,5,1,5,1,5,1,2,5,1,4,2,2,3,5,1,3
example_0211,1,2,2,2,2,3,1,1,1,1,4,3,5,5,3,3,4,3,2,1,1,2,3,2,2,2,2,3,4,4,1,2,3,1,1,4,2,2,2,5,4,5,4,5,2,5,4,3,5,2,1,2,2,1,3,1,4,1,1,1,3,1
example_0212,1,4,3,2,2,2,1,1,1,2,4,1,4,5,3,NA,1,5,2,5,4,4,1,4,4,2,3,3,4,4,2,5,2,5,1,4,1,3,2,4,1,2,3,2,3,4,2,5,3,5,2,3,5,4,4,5,5,2,4,1,4,3
example_0213,3,3,3,2,2,3,1,1,1,1,3,4,3,5,4,5,2,5,3,2,2,3,4,2,3,3,2,3,3,4,3,3,4,2,1,4,3,3,3,3,2,4,4,2,3,3,3,4,5,3,3,4,4,3,4,3,4,2,3,2,5,3
example_0214,3,5,4,4,4,4,4,3,4,4,4,4,2,3,4,2,4,2,4,4,2,1,2,2,2,1,2,2,4,2,3,3,4,2,3,2,3,4,4,2,4,4,3,3,4,2,4,3,4,2,4,2,3,3,2,4,2,3,3,3,3,3
example_0215,3,5,4,4,5,5,4,2,2,3,5,4,5,3,4,1,5,1,5,3,1,1,3,1,1,2,2,3,3,4,3,4,4,3,2,3,5,4,4,3,4,4,4,4,5,5,4,3,5,1,3,2,1,2,1,4,2,4,3,3,3,3
example_0216,2,1,3,1,1,2,2,1,1,1,4,3,4,3,2,3,2,4,3,3,1,2,2,2,1,2,1,2,4,3,3,4,4,4,4,2,4,4,4,1,4,3,4,4,3,4,4,2,5,3,3,2,2,2,1,4,1,3,3,2,1,3
example_0217,4,5,5,4,4,5,4,3,5,2,5,5,5,4,4,2,4,2,5,4,5,1,5,2,2,3,2,2,4,3,5,5,5,5,1,2,5,3,5,3,4,5,3,4,4,3,3,1,3,2,3,4,5,4,4,5,3,4,4,4,5,5
example_0218,4,3,3,3,4,2,4,1,1,3,5,3,4,5,2,1,2,4,5,2,2,2,4,4,2,NA,1,3,2,3,1,2,4,3,1,2,2,2,2,4,4,4,2,5,3,2,4,2,1,2,3,2,1,2,3,3,4,1,2,4,1,3
example_0219,2,3,3,2,3,3,1,1,1,2,4,4,3,5,4,2,4,3,5,2,3,3,4,3,3,3,4,2,3,4,1,2,4,2,2,2,4,2,1,4,2,3,4,3,2,4,1,4,3,3,2,2,3,2,3,2,3,2,3,3,3,2
example_0220,5,5,5,4,5,5,5,2,4,4,1,1,3,5,5,1,4,3,4,5,1,1,3,1,3,1,1,1,5,1,NA,5,5,4,5,4,5,4,5,1,5,5,5,5,5,5,4,1,5,1,5,1,4,4,3,5,5,2,4,5,1,5
example_0221,2,1,2,1,2,1,1,1,1,1,3,2,4,2,2,2,3,3,3,4,1,3,1,3,4,1,3,3,3,3,5,5,5,5,4,5,5,4,5,2,5,5,5,5,4,5,4,2,4,2,4,3,3,4,2,5,3,3,4,3,2,4
example_0222,3,3,4,3,3,4,3,3,3,3,2,4,2,2,2,4,2,4,2,4,2,2,2,2,2,2,2,2,4,2,4,4,4,4,4,4,4,4,4,2,2,4,4,4,4,4,4,3,4,2,5,3,4,5,4,5,4,4,4,5,4,4
example_0223,3,5,2,2,2,5,3,4,4,1,4,1,5,2,4,2,5,2,4,2,2,2,3,3,4,1,2,4,5,2,3,2,5,2,2,2,4,3,3,3,4,4,5,4,5,5,5,3,4,1,5,1,1,5,2,3,1,2,4,4,3,4
example_0224,3,2,3,1,3,2,2,1,2,2,4,3,4,4,2,3,4,2,5,3,1,2,2,2,4,2,4,1,2,4,1,2,4,4,2,2,3,2,3,4,4,4,5,2,4,4,5,2,4,2,2,3,1,2,3,4,3,3,4,4,3,3
example_0225,3,4,3,5,3,3,3,3,2,1,3,2,1,1,5,5,4,5,2,5,5,2,4,1,5,1,5,4,3,2,2,1,2,2,4,1,1,5,2,2,3,5,4,5,4,5,4,2,3,1,3,2,1,3,4,3,1,1,3,2,1,3
example_0226,5,3,3,3,4,4,3,3,2,1,2,2,4,3,4,4,4,2,4,3,4,2,2,2,1,3,2,2,4,2,4,3,3,3,4,3,1,5,3,3,4,3,4,4,4,5,4,3,5,3,4,2,3,5,4,3,2,4,3,5,2,5
example_0227,3,4,3,3,4,4,3,3,5,3,2,3,4,3,4,2,3,3,2,2,2,2,1,1,2,1,2,1,5,2,3,2,5,3,4,3,4,5,3,2,4,5,5,5,5,5,5,3,4,1,4,3,4,5,2,5,3,4,4,4,1,4
example_0228,1,3,4,2,4,3,2,2,2,2,5,2,4,4,2,4,2,4,2,4,1,2,1,1,1,2,2,1,5,2,4,2,5,NA,4,4,4,5,4,2,NA,3,4,4,4,4,4,4,5,2,3,3,4,3,4,4,4,3,4,3,4,4
example_0229,2,2,4,3,4,5,4,2,3,2,4,4,4,3,3,3,3,4,3,4,1,1,1,1,1,1,1,1,4,3,5,3,5,4,5,2,4,5,5,2,5,5,5,5,5,5,5,1,5,1,5,2,1,4,5,5,3,4,3,5,3,5
example_0230,4,5,4,4,4,4,5,2,5,4,2,2,3,3,2,4,4,4,2,5,2,1,2,2,2,2,1,2,5,2,3,2,2,2,2,2,2,4,1,3,3,4,4,4,3,4,4,4,2,2,3,1,2,5,3,3,4,1,1,1,2,3
example_0231,1,1,1,1,1,1,1,1,3,1,5,5,5,5,4,1,5,1,5,1,1,3,4,2,2,2,2,2,4,4,3,3,2,1,2,3,4,4,4,3,4,3,3,3,1,3,3,3,4,3,2,3,2,1,2,4,2,2,3,2,3,3
example_0232,3,2,4,4,4,4,4,1,3,3,3,1,4,3,3,3,3,3,3,3,2,2,3,3,2,1,3,2,4,2,4,4,4,3,4,3,5,5,4,3,3,3,5,4,5,5,4,5,5,2,5,3,2,5,1,5,2,3,5,5,1,5
example_0233,1,1,2,1,1,3,1,1,5,1,5,4,5,1,4,1,5,1,5,1,3,2,3,4,2,3,2,3,5,3,3,4,5,3,5,5,3,3,3,2,4,5,5,5,5,5,3,1,5,1,3,3,1,1,5,4,3,5,4,4,1,5
example_0234,4,5,5,4,5,5,4,4,4,4,4,4,4,2,4,2,4,2,4,4,2,2,2,1,1,1,1,1,5,2,2,2,2,4,2,3,4,3,2,3,2,2,2,4,3,4,5,3,4,3,4,1,3,3,2,4,3,3,3,3,3,3
example_0235,4,5,5,3,5,5,4,3,5,4,4,3,4,3,4,2,2,2,3,3,1,1,4,1,2,1,2,2,5,1,3,3,2,2,1,4,5,2,1,4,3,2,4,4,2,5,4,4,2,1,3,1,1,3,1,3,1,1,2,3,2,3
example_0236,1,2,3,2,3,2,1,2,2,3,3,4,4,4,4,2,4,2,4,3,2,3,1,2,3,2,3,3,2,4,2,2,4,3,3,3,4,3,3,4,3,2,5,3,3,5,3,3,5,3,3,1,2,2,1,2,2,1,3,3,1,2
example_0237,4,5,4,4,4,4,2,5,5,2,3,3,3,1,1,2,4,1,4,3,5,3,5,3,1,2,2,3,5,3,4,4,5,4,1,1,3,3,4,3,2,5,3,5,4,5,5,4,4,2,3,3,2,1,5,4,3,3,3,2,4,3
example_0238,5,3,4,4,3,3,4,3,5,3,5,4,5,4,1,3,5,2,4,3,4,3,5,3,3,5,3,4,1,5,5,4,5,2,5,5,5,1,5,1,4,1,1,4,4,1,4,2,4,3,4,4,2,4,1,5,1,5,5,3,2,5
example_0239,3,5,4,5,5,5,5,2,2,5,4,2,5,4,2,4,4,3,2,3,1,1,1,1,1,3,1,1,5,1,4,3,5,4,4,3,4,5,4,2,4,3,2,2,2,1,4,3,5,4,4,4,2,4,1,5,4,3,3,2,3,5
example_0240,5,5,3,4,5,5,5,5,5,3,4,4,5,3,3,2,5,1,4,3,1,1,4,1,1,1,1,2,5,2,3,5,3,4,5,5,5,3,4,1,3,2,4,3,4,3,5,5,4,2,3,1,4,4,1,4,2,1,4,5,4,5
example_0241,3,1,4,2,4,2,4,2,3,1,4,4,5,3,4,1,4,2,5,2,4,2,3,2,2,2,2,2,4,3,4,3,4,4,1,5,2,3,1,3,2,2,4,3,2,2,3,4,5,2,2,3,3,4,3,3,3,2,2,2,3,3
example_0242,4,2,2,1,2,2,2,1,1,1,5,5,5,5,4,1,5,1,5,1,1,4,3,1,1,1,2,1,5,3,4,5,2,1,5,4,5,5,1,3,1,3,3,5,3,1,2,5,5,5,4,1,1,1,4,3,1,1,3,2,1,5
example_0243,1,1,2,1,2,5,1,1,2,1,5,3,5,5,5,1,5,1,5,1,1,3,5,1,3,3,2,2,4,3,1,1,5,1,1,5,4,3,2,3,3,4,5,4,4,5,3,2,5,1,1,3,3,1,1,4,2,2,2,2,3,3
example_0244,3,2,3,3,3,4,3,2,4,2,4,2,4,3,5,1,5,1,5,3,1,2,4,2,1,3,2,3,3,3,4,4,4,3,1,4,4,3,2,3,3,4,4,4,5,5,4,2,3,1,3,3,3,2,3,4,4,3,3,4,3,3
example_0245,1,4,3,3,3,3,1,4,3,2,3,1,5,5,2,1,5,1,4,3,1,3,2,1,3,1,2,1,5,2,3,2,4,4,1,2,4,3,3,3,4,3,4,4,4,4,3,1,3,3,3,1,1,2,3,2,2,2,3,3,4,3
example_0246,2,2,5,1,2,4,3,2,5,1,5,1,5,3,5,1,5,2,5,5,2,1,3,1,1,1,1,2,4,4,4,2,5,4,4,1,5,5,5,1,4,4,5,5,5,5,5,2,5,1,4,2,1,4,2,5,3,3,5,3,1,5
example_0247,1,2,4,1,4,3,3,1,2,1,2,2,5,3,2,3,3,4,3,3,4,2,1,2,4,1,2,1,5,1,4,3,5,4,4,4,3,3,5,3,3,3,3,4,4,5,5,3,3,3,5,3,4,2,3,5,3,2,4,5,1,4
example_0248,3,4,3,3,3,4,3,3,3,2,4,4,4,3,4,2,4,2,4,3,4,2,2,2,2,2,2,3,3,3,3,4,3,3,3,2,3,3,3,3,2,3,3,3,3,3,3,3,3,3,3,2,2,3,3,3,4,2,3,4,2,3
example_0249,4,5,5,3,4,4,4,3,4,3,4,2,4,2,3,1,5,1,5,4,4,1,3,2,2,2,2,3,4,5,3,2,4,2,2,2,4,5,4,3,3,5,5,5,4,4,4,4,4,2,3,2,3,4,1,2,3,1,2,4,3,3
example_0250,5,5,5,5,4,5,5,2,3,5,5,5,4,2,4,3,4,2,4,5,5,2,4,4,2,1,2,2,2,2,3,4,2,2,2,2,1,1,3,3,2,4,5,4,4,5,2,5,5,1,5,1,2,3,2,4,1,1,4,2,2,5
example_0251,4,5,4,5,5,4,5,4,4,4,1,1,1,1,1,5,1,5,1,5,2,NA,3,2,3,4,3,2,4,4,5,2,4,3,4,2,4,5,4,1,4,5,5,5,5,5,5,2,4,1,5,3,4,4,5,5,5,4,5,5,2,3
example_0252,2,3,5,3,2,5,3,4,5,2,1,1,2,2,1,5,1,5,1,5,1,1,1,1,1,2,1,3,4,2,4,2,3,4,3,2,2,4,3,4,5,5,5,5,4,5,5,2,5,1,2,3,3,5,5,2,5,5,2,3,4,4
example_0253,1,2,3,3,1,3,1,3,1,2,4,2,5,2,5,2,5,1,5,2,3,3,3,4,2,3,3,4,3,3,2,4,2,2,2,3,3,2,3,4,3,2,3,3,2,3,3,4,2,4,3,5,1,5,3,2,2,2,3,1,4,3
example_0254,3,5,5,2,5,5,3,2,3,4,3,4,3,3,2,5,2,5,1,5,1,1,1,1,1,1,1,1,5,1,3,3,5,5,4,5,3,5,4,2,3,3,2,3,4,3,4,3,4,3,5,3,4,2,3,4,4,4,2,4,4,5
example_0255,4,4,4,4,4,4,4,2,5,2,2,2,2,4,4,4,4,2,4,2,2,2,4,4,4,4,4,4,2,4,2,1,4,2,2,2,2,2,2,2,5,3,2,3,4,2,4,1,2,2,4,1,3,4,2,4,2,2,4,4,3,4
example_0256,5,5,4,4,5,4,4,4,5,4,2,2,4,2,2,3,3,4,3,5,5,1,4,2,2,3,2,2,4,2,5,4,5,4,3,5,5,4,4,2,4,3,3,4,4,4,5,3,4,2,5,4,4,5,3,4,3,3,5,5,3,4
example_0257,1,2,3,2,2,3,2,1,2,1,4,4,4,3,1,3,2,4,4,5,1,2,3,2,2,2,2,1,5,4,4,3,4,5,3,5,4,3,4,2,4,4,3,4,3,4,4,4,4,2,3,4,4,4,3,5,5,4,4,NA,4,5
example_0258,3,3,3,3,3,3,3,4,3,3,2,3,4,3,1,4,3,3,4,3,2,3,3,1,2,3,3,3,5,2,3,3,4,2,3,3,5,2,4,2,4,3,4,4,4,5,3,1,3,3,NA,NA,NA,NA,NA,NA,NA,NA,NA,NA,NA,NA
example_0259,4,4,4,3,3,4,3,3,3,3,3,2,2,4,2,4,3,4,3,3,2,3,2,2,2,4,2,2,3,2,2,3,2,3,2,3,2,4,2,3,4,4,4,4,3,4,4,3,4,2,3,3,3,4,4,3,3,2,3,2,4,3
example_0260,3,4,5,4,4,5,5,3,3,4,1,2,1,2,2,4,3,4,3,4,2,1,3,2,3,3,2,1,4,1,5,5,5,5,5,5,5,5,5,1,4,4,4,4,5,2,5,2,5,1,5,3,3,5,4,5,4,4,5,5,3,5
example_0261,1,4,2,3,2,3,2,2,1,1,5,5,5,5,4,1,5,1,5,1,1,5,3,2,2,2,2,3,4,4,3,2,3,2,2,2,3,3,4,2,3,4,4,4,3,3,2,3,5,3,4,2,3,2,1,3,1,3,3,3,3,4
example_0262,1,3,4,3,2,2,2,2,3,2,3,3,4,4,3,3,3,4,4,4,4,2,2,2,2,2,2,2,4,3,3,3,4,4,2,4,4,3,4,3,2,4,4,3,4,4,3,4,4,2,4,2,2,3,2,4,2,3,4,4,2,3
example_0263,1,5,1,3,3,4,2,4,2,2,4,5,5,5,3,3,3,3,4,1,1,2,1,2,1,4,1,2,4,3,1,3,4,2,2,4,4,4,2,2,4,5,4,5,4,4,4,2,4,3,4,3,4,3,4,4,4,4,4,5,4,4
example_0264,1,1,2,1,1,1,1,1,1,1,4,3,4,4,3,3,3,4,4,3,4,5,2,4,5,4,5,5,2,4,2,2,4,2,1,3,3,2,2,4,3,4,3,4,2,3,3,3,4,4,2,1,1,3,2,2,1,2,1,2,2,2
example_0265,3,5,3,1,5,1,1,5,3,1,1,1,5,1,3,5,1,5,1,5,5,1,1,1,5,1,3,1,5,3,1,1,5,5,5,1,5,5,5,1,1,1,5,5,5,3,1,5,5,3,4,3,1,4,1,4,3,1,4,5,3,5
example_0266,4,5,4,5,4,3,4,3,5,2,4,2,5,2,3,3,5,3,3,5,2,1,3,2,4,3,2,2,4,5,4,2,5,3,2,3,3,3,3,2,3,3,5,5,4,5,4,2,4,1,4,1,2,4,2,5,1,4,3,4,3,4
example_0267,1,1,4,5,1,1,1,4,2,1,2,2,5,5,5,1,4,2,4,1,4,1,2,4,2,2,1,4,2,4,2,2,3,3,3,2,4,3,4,2,4,1,4,5,4,2,4,2,4,2,5,2,4,4,1,1,3,1,4,1,3,4
example_0268,2,3,2,1,3,3,4,1,1,1,2,2,2,4,4,4,5,2,4,4,4,4,4,4,3,5,4,3,1,3,1,1,3,2,2,1,3,3,4,3,3,4,5,3,3,5,2,3,5,1,5,1,2,3,2,3,2,1,4,1,1,3
example_0269,3,5,2,4,4,5,5,2,4,1,5,3,5,1,3,2,1,5,5,NA,2,1,1,1,2,1,1,1,4,3,4,1,4,4,5,5,5,3,5,1,4,4,3,3,4,4,3,2,5,2,5,3,3,4,3,5,4,3,3,5,2,4
example_0270,1,3,2,2,2,2,2,1,1,1,5,5,5,5,5,1,5,1,4,2,3,5,2,2,3,1,3,4,3,2,4,2,2,1,1,1,2,2,3,3,1,3,5,3,2,5,4,5,5,4,2,2,3,1,2,4,3,1,1,1,3,3
example_0271,2,3,3,2,4,4,3,2,2,3,4,4,4,4,3,3,3,3,4,2,3,2,2,3,2,2,3,2,3,2,2,2,4,3,2,1,4,3,2,3,3,2,4,4,3,2,3,3,4,2,3,2,3,4,3,3,3,3,2,2,3,3
example_0272,2,3,3,2,3,3,4,1,1,1,5,4,4,3,2,1,3,3,2,2,2,2,2,2,2,2,2,1,4,2,3,2,2,2,2,2,3,3,3,2,3,2,4,3,3,4,3,4,4,2,2,4,4,2,4,4,2,2,2,2,3,4
example_0273,1,3,2,1,3,3,2,1,1,2,5,3,5,4,4,3,4,3,3,2,3,1,1,2,2,3,1,3,3,3,2,2,4,1,1,2,3,2,2,2,5,4,5,5,4,5,4,2,4,2,2,2,1,3,1,4,2,2,4,4,2,4
example_0274,3,1,4,2,4,2,2,4,2,4,2,1,4,3,5,2,4,4,4,2,2,2,3,2,4,2,3,3,4,3,4,4,4,4,1,4,4,2,3,2,4,4,5,3,5,5,4,2,5,1,5,2,2,3,2,3,1,3,2,1,3,3
example_0275,3,3,4,3,4,4,2,2,4,2,1,2,2,1,2,5,1,5,1,5,2,2,2,3,2,2,2,3,3,2,4,1,2,3,2,1,2,3,2,3,4,5,4,5,4,4,4,3,5,1,2,2,3,4,3,3,2,3,2,5,3,4
example_0276,3,4,4,3,3,2,3,3,4,2,3,2,3,5,2,5,2,3,2,4,4,1,1,2,2,1,1,1,4,2,3,4,5,5,5,5,4,5,3,3,3,4,5,5,3,5,5,5,4,3,5,3,4,5,4,5,3,3,5,3,2,5
example_0277,4,4,5,3,5,4,4,4,5,2,5,4,5,3,3,2,5,1,5,3,5,2,1,2,2,1,1,2,3,2,4,3,4,3,1,3,5,4,5,3,4,4,5,4,4,5,4,3,4,1,4,2,3,3,2,5,3,3,4,5,3,4
example_0278,1,1,3,2,2,1,1,1,2,1,3,2,3,3,1,4,1,5,1,4,2,4,1,3,3,2,4,3,1,3,2,4,3,3,2,3,4,4,3,2,4,1,2,2,3,1,4,2,2,3,3,1,3,3,1,3,2,1,3,2,4,3
example_0279,1,1,2,2,3,4,1,1,2,1,4,3,4,3,4,2,4,3,4,4,3,3,1,3,3,2,4,2,3,3,2,4,4,4,3,2,5,3,3,2,4,4,4,4,4,3,5,1,4,2,3,3,3,3,4,3,4,4,3,3,3,3
example_0280,4,5,4,4,5,5,4,2,2,2,5,5,5,5,2,1,5,1,2,1,1,1,2,1,1,NA,1,1,4,2,3,1,5,4,4,4,5,5,4,2,5,4,5,5,3,5,5,1,1,2,3,2,4,2,2,5,2,2,2,4,2,3
example_0281,3,3,3,2,3,4,2,4,2,1,5,5,5,1,4,1,3,3,5,1,2,2,4,2,2,1,3,3,4,3,3,3,4,2,3,3,3,3,3,2,4,3,4,3,4,5,3,4,4,2,3,2,1,3,3,4,1,3,3,2,2,3
example_0282,3,5,2,3,5,3,4,3,4,3,2,2,4,4,4,3,3,5,4,3,4,2,4,2,1,4,2,3,3,3,2,3,5,3,2,4,5,3,4,2,5,3,1,2,3,4,4,2,4,3,5,2,3,5,4,5,3,2,3,5,2,4
example_0283,1,2,4,4,3,3,1,1,1,2,1,4,5,2,4,3,2,2,3,2,2,2,2,2,2,5,2,3,3,2,4,4,5,5,3,5,5,5,5,1,4,4,2,5,4,2,5,4,4,3,3,3,4,4,4,5,4,4,4,3,3,4
example_0284,3,4,3,3,3,3,2,3,4,4,4,4,4,4,3,3,4,3,3,3,2,3,1,2,3,3,3,2,4,2,4,5,4,4,4,4,4,5,4,2,2,4,4,3,4,4,4,4,4,2,5,4,3,2,3,5,3,3,2,3,3,5
example_0285,5,5,2,3,3,1,2,2,4,1,1,3,5,3,4,2,5,4,3,3,3,3,2,2,3,2,1,3,4,3,4,2,4,4,3,2,3,3,4,1,3,3,5,2,4,5,5,5,3,2,3,3,1,3,3,5,1,2,5,5,3,3
example_0286,5,3,5,3,3,5,4,4,5,3,5,3,5,4,1,3,4,3,4,5,2,2,2,3,3,3,3,3,4,1,3,5,5,5,3,5,5,3,3,1,4,5,4,5,5,5,5,1,5,1,5,2,3,3,4,4,4,2,5,5,1,5
example_0287,4,4,5,4,3,5,5,4,5,3,5,5,4,4,3,4,2,4,2,3,5,1,1,1,1,1,1,2,5,1,3,2,3,3,1,2,3,3,2,2,3,3,3,5,4,3,5,3,3,1,3,3,3,2,2,5,3,2,3,3,4,4
example_0288,3,3,4,1,3,1,4,2,4,2,2,2,5,3,5,4,3,3,4,5,4,3,3,4,3,3,2,3,4,1,2,1,4,2,1,1,3,4,1,4,5,1,2,5,3,3,3,5,3,4,3,1,3,2,3,4,3,3,2,5,3,3
example_0289,5,5,4,3,5,5,3,4,4,3,3,2,5,5,3,4,5,3,1,2,2,1,2,2,1,1,2,2,3,3,3,1,5,2,1,3,1,3,3,3,5,3,5,5,4,5,3,1,3,1,3,2,1,5,3,3,2,3,3,4,1,4
example_0290,1,2,3,2,2,4,1,1,2,2,4,2,4,3,4,4,4,4,1,3,1,2,1,2,2,2,2,2,3,1,1,1,4,3,1,1,3,4,1,2,5,5,5,5,5,5,5,1,5,1,5,2,4,3,3,4,4,3,4,5,3,4
example_0291,3,4,2,4,4,5,1,5,5,3,3,2,5,3,5,1,5,1,5,3,1,1,4,1,1,1,1,3,5,1,3,2,5,2,2,3,2,1,5,1,4,4,5,5,5,5,4,2,3,1,5,2,1,3,2,4,4,1,3,2,1,4
example_0292,1,1,3,1,1,1,1,2,1,1,4,1,4,3,2,2,2,4,2,4,1,2,1,1,2,2,2,2,4,2,3,2,4,3,1,4,4,2,2,2,4,4,5,4,5,5,NA,2,5,1,4,2,3,3,2,4,3,3,3,2,2,5
example_0293,1,5,2,2,2,4,2,1,1,1,4,4,4,4,4,2,2,5,4,4,1,1,2,2,2,1,2,2,5,2,5,5,4,5,4,5,5,5,5,2,2,3,3,4,2,4,2,4,4,2,5,3,4,2,3,5,4,5,5,5,3,5
example_0294,2,4,5,3,4,4,4,4,5,4,1,1,1,1,1,5,1,5,1,5,1,2,1,2,2,2,1,2,3,4,2,1,2,5,1,1,1,5,2,4,5,5,4,5,4,5,5,1,4,1,5,1,1,5,1,3,1,3,3,2,1,2
example_0295,2,4,4,3,4,4,3,3,3,4,3,2,4,4,3,4,3,4,3,3,1,2,2,2,2,2,2,2,4,2,3,3,3,3,3,3,3,3,3,3,3,4,4,4,3,4,4,4,4,2,4,4,3,4,4,4,3,4,3,3,4,3
example_0296,4,4,4,2,4,3,4,2,4,3,4,3,5,4,5,2,4,3,4,4,2,2,1,2,4,1,2,2,5,1,3,1,5,3,1,3,5,4,2,1,5,5,4,5,4,4,5,1,5,1,5,1,1,3,1,2,2,1,3,2,2,2
example_0297,2,4,5,3,3,5,3,4,4,3,1,1,3,1,2,5,1,5,1,5,1,1,1,2,1,2,1,1,5,1,3,4,5,5,1,5,2,5,3,1,4,5,4,5,5,5,5,4,5,1,4,3,4,4,5,5,3,3,5,5,2,5
example_0298,3,3,5,3,4,5,3,4,5,4,1,1,5,5,2,5,2,5,1,5,5,1,1,1,1,1,1,1,5,1,5,1,5,4,4,1,4,3,5,1,1,4,5,5,5,5,4,5,5,1,5,3,1,5,3,5,1,4,5,5,1,5
example_0299,1,4,1,2,3,3,1,3,2,1,2,4,4,4,2,2,4,2,4,2,5,3,3,2,2,1,1,3,5,2,2,4,3,4,2,2,1,4,2,3,3,4,4,4,3,4,4,3,5,2,3,4,2,4,1,3,1,1,3,4,2,5
example_0300,4,3,4,4,4,2,1,4,4,2,4,2,5,1,2,2,5,1,2,1,1,2,4,1,3,1,4,3,5,2,1,3,4,1,5,4,3,3,2,1,3,5,5,5,4,5,5,5,5,1,3,1,1,4,1,2,1,1,1,3,1,4
example_0301,3,5,4,4,1,4,2,2,3,3,5,4,5,2,2,3,4,1,5,4,1,2,2,2,1,1,2,2,5,3,4,2,4,3,1,2,5,4,5,2,4,5,5,4,3,5,4,2,5,2,4,2,1,2,1,5,2,3,2,3,4,5
example_0302,1,1,2,1,1,4,1,1,5,1,4,2,4,5,2,5,5,1,1,1,4,1,1,1,1,1,1,1,5,1,2,2,4,2,3,2,2,4,2,2,5,5,5,5,5,5,4,1,5,1,4,1,4,3,4,4,3,1,1,4,5,5
example_0303,3,5,3,2,3,2,3,1,3,3,2,4,5,3,4,2,5,1,5,2,5,1,3,1,2,2,2,1,4,1,4,2,2,1,3,5,5,4,5,3,2,4,4,2,4,4,4,3,4,1,4,3,1,5,1,3,5,4,4,3,2,4
example_0304,1,3,3,1,3,2,3,1,3,1,5,2,5,4,3,1,4,2,3,3,1,2,1,1,1,1,3,1,5,1,3,2,4,5,2,3,4,5,3,3,5,4,5,4,3,5,4,2,3,2,3,2,3,2,3,4,4,3,4,4,3,4
example_0305,3,4,3,2,4,NA,5,1,3,5,3,3,3,3,1,5,1,5,1,5,4,3,4,3,3,4,3,3,3,1,4,5,5,5,5,5,5,5,5,1,3,5,5,3,5,5,5,5,3,1,5,5,3,5,5,5,5,5,5,3,3,5
example_0306,1,4,5,3,5,5,5,3,4,5,3,1,1,4,1,5,5,1,1,3,5,1,4,5,1,5,1,5,5,1,5,4,5,5,2,1,5,5,4,2,3,5,5,5,5,5,5,3,5,1,5,1,1,5,1,5,1,1,3,1,1,5
example_0307,4,4,4,4,5,5,5,2,4,4,4,4,4,5,3,2,5,1,2,1,1,1,1,1,1,1,1,1,5,1,3,3,5,3,2,2,2,3,2,2,4,5,5,5,5,5,5,2,5,1,4,1,1,4,2,3,1,3,2,4,1,4
example_0308,2,2,3,2,3,2,3,2,3,2,4,3,4,4,4,2,3,4,3,2,2,2,1,2,4,2,3,2,3,2,5,4,4,4,4,4,5,5,4,2,4,3,5,3,4,5,3,3,4,2,4,3,3,2,3,5,2,3,3,5,2,5
example_0309,3,3,3,4,3,4,3,2,2,4,5,3,5,3,2,4,2,5,4,5,5,3,3,4,3,4,3,3,1,3,3,1,5,3,1,1,3,4,3,3,5,5,3,5,5,4,5,2,2,2,3,3,4,3,5,4,4,1,3,1,4,3
example_0310,4,5,5,5,5,5,5,5,5,5,3,2,5,5,1,3,1,5,2,4,1,1,1,1,1,1,1,1,5,1,5,5,5,5,4,5,3,5,4,1,5,5,5,5,5,5,5,3,5,1,4,4,4,3,5,4,4,3,4,5,1,5
example_0311,3,3,3,2,2,2,1,2,3,1,4,3,4,3,4,1,3,2,4,4,3,3,4,3,4,3,3,2,3,3,3,4,4,3,4,4,4,3,4,3,4,2,4,3,4,4,5,2,5,2,3,3,2,3,1,4,2,2,4,4,1,3
example_0312,3,3,2,4,3,2,2,3,3,1,3,3,3,5,3,3,3,4,3,4,5,3,1,3,3,1,3,2,4,1,3,3,3,4,3,1,5,3,5,1,3,3,3,4,3,3,3,2,5,1,5,1,3,4,3,5,2,1,5,4,1,5
example_0313,1,4,2,2,4,2,2,1,1,4,2,1,4,2,2,5,1,5,1,5,5,1,1,1,2,1,2,1,5,2,4,4,4,4,2,2,4,5,4,2,4,1,5,1,4,5,5,5,5,2,4,1,2,2,4,1,4,2,2,1,2,4
example_0314,3,3,3,3,3,3,3,3,4,3,3,2,5,3,5,3,4,4,2,3,2,2,4,2,4,4,3,3,4,1,3,5,5,2,5,4,2,2,3,1,5,5,5,5,5,5,5,3,5,1,4,2,2,4,3,5,4,4,5,5,4,5
example_0315,4,4,4,2,5,4,5,3,4,4,2,1,2,2,5,4,3,3,4,4,2,1,5,3,4,2,2,4,3,2,5,5,5,4,3,5,5,4,4,3,5,4,5,5,5,5,4,3,4,1,4,1,3,5,2,3,2,3,4,4,1,4
example_0316,4,4,3,5,5,5,5,3,3,2,4,1,4,3,1,5,1,5,1,3,3,2,1,3,3,5,3,2,4,2,3,3,4,3,3,1,4,4,3,2,4,5,5,5,5,4,5,2,5,1,4,2,4,4,1,4,1,2,3,1,1,5
example_0317,3,3,4,3,3,3,2,4,3,4,4,3,4,3,3,3,3,4,3,3,5,2,1,4,4,3,3,4,2,3,3,4,4,3,3,4,4,3,2,3,3,2,3,3,4,4,4,3,3,3,3,3,4,2,4,3,3,2,2,2,3,3
example_0318,4,2,4,3,3,4,4,4,3,2,3,2,3,4,2,4,3,4,2,4,2,1,2,3,2,2,2,1,4,2,4,5,4,4,4,5,5,2,4,2,3,3,4,3,4,4,NA,3,3,2,4,4,5,4,4,5,4,4,4,4,4,4
example_0319,3,2,4,3,5,5,4,3,3,3,3,4,3,4,2,4,1,4,2,4,2,3,1,1,3,1,2,1,5,1,5,5,5,5,5,5,5,5,4,2,5,5,4,5,5,4,5,1,5,2,5,3,4,2,4,5,4,5,4,4,4,5
example_0320,2,1,3,2,3,2,2,1,1,2,5,5,5,3,4,2,4,2,4,3,2,3,2,3,3,3,4,4,2,3,1,4,4,3,2,2,4,3,3,3,4,3,5,3,3,5,3,3,5,2,3,1,3,3,1,4,2,3,1,3,3,3
example_0321,1,3,2,3,1,1,1,1,4,1,4,4,4,3,5,2,5,1,5,1,3,2,4,2,1,2,5,2,5,2,3,1,4,3,4,2,2,3,4,2,5,5,4,5,5,5,5,1,4,1,4,2,4,2,1,3,1,1,4,2,3,3
example_0322,1,1,4,3,1,1,1,5,5,1,5,5,5,5,4,1,4,1,5,1,3,1,1,3,1,5,1,2,5,2,1,5,5,5,5,4,4,5,1,1,1,4,5,5,3,2,5,2,4,5,3,3,1,4,4,4,1,3,2,1,4,3
example_0323,4,2,3,3,3,2,3,3,3,3,4,2,4,3,3,3,3,3,3,3,3,3,2,2,3,2,3,4,3,3,4,2,3,3,3,2,3,3,5,3,3,3,3,4,4,3,3,4,4,3,2,3,4,2,4,4,3,4,4,3,4,4
example_0324,2,4,4,1,3,1,3,1,3,1,4,4,5,5,3,1,5,1,5,2,3,1,3,2,4,1,2,1,5,2,3,3,5,3,2,1,4,1,4,3,3,4,5,4,3,5,5,3,5,1,3,4,2,1,3,2,3,2,3,3,1,3
example_0325,2,3,4,3,4,3,3,1,1,2,5,5,5,3,5,3,3,3,4,3,1,1,3,2,1,2,1,3,5,3,2,3,5,4,1,1,3,4,3,3,4,4,3,3,3,3,4,3,5,2,5,2,4,5,4,5,5,4,4,5,4,4
example_0326,3,4,2,2,3,3,1,3,1,1,5,4,4,5,2,2,5,2,4,1,2,2,3,1,2,2,2,2,5,3,2,4,4,2,1,2,3,2,2,2,3,4,4,4,2,4,2,3,4,3,3,2,3,1,3,3,3,2,2,2,2,3
example_0327,3,1,3,2,2,2,2,4,2,1,3,3,4,2,4,2,3,2,4,2,1,2,1,2,4,2,2,3,4,2,4,4,4,4,4,3,3,5,4,2,2,3,3,3,3,4,3,4,4,3,3,2,2,4,3,4,3,4,4,3,3,4
example_0328,2,3,3,2,4,5,2,2,5,2,5,5,5,5,4,2,5,1,2,1,1,1,1,1,1,1,1,2,5,3,3,2,4,2,2,4,4,5,2,1,4,3,4,5,3,4,4,2,4,3,3,3,4,2,2,5,3,3,3,2,4,5
example_0329,3,1,1,1,2,3,1,2,4,2,2,1,5,1,5,1,5,3,4,4,5,1,1,1,3,1,1,1,5,2,1,2,4,1,1,1,1,2,1,3,3,2,5,5,4,5,4,2,3,2,3,1,4,2,3,4,4,4,3,2,3,5
example_0330,1,3,3,2,2,4,1,1,2,2,5,4,5,4,3,3,5,2,4,2,1,2,1,1,2,2,4,1,4,3,4,4,4,3,4,4,3,3,2,2,5,5,5,4,3,5,5,2,5,2,3,3,4,2,2,3,4,4,2,4,4,3
example_0331,2,5,1,5,1,5,1,5,1,5,1,5,1,5,1,5,1,5,1,5,1,5,1,5,1,5,1,5,1,5,1,5,1,5,1,5,1,5,1,5,1,5,1,5,1,5,1,5,1,5,2,3,4,2,5,5,5,3,2,5,2,4
example_0332,1,3,3,2,3,4,2,3,1,2,4,3,5,4,2,2,3,3,4,3,1,1,1,1,2,1,2,1,4,2,5,5,5,5,3,5,5,5,4,1,4,5,2,4,4,4,5,4,5,2,4,3,5,2,4,4,5,4,4,5,5,4
example_0333,1,2,3,1,2,3,3,2,1,2,2,1,4,2,5,5,2,4,1,5,1,3,1,1,3,1,2,1,5,3,5,5,5,5,2,5,5,5,1,4,3,4,5,5,5,5,1,5,5,1,4,3,5,5,5,5,5,5,4,4,5,4
example_0334,4,4,3,3,4,4,4,3,2,3,4,4,4,5,4,3,4,2,4,2,1,2,2,2,2,2,1,3,5,1,4,2,5,3,NA,2,4,3,2,2,5,3,5,3,5,5,4,2,4,1,3,2,2,2,3,5,4,3,4,3,3,5
example_0335,2,3,3,2,4,4,2,3,3,2,3,2,3,1,2,3,2,5,4,5,1,2,2,2,2,2,2,3,4,3,4,2,5,3,3,3,5,3,4,2,3,4,4,3,4,5,3,3,4,1,3,2,2,4,3,5,3,4,5,3,3,4
example_0336,3,4,4,3,4,5,4,1,4,4,3,2,4,4,3,2,4,2,3,2,1,1,2,1,1,1,2,1,5,1,3,2,5,2,2,3,2,4,3,1,4,4,4,4,4,3,5,2,5,2,5,4,4,5,3,5,5,4,5,5,3,5
example_0337,1,2,1,1,1,3,1,2,1,1,3,3,3,5,2,3,4,3,2,3,1,3,1,1,4,3,2,2,4,4,5,5,5,4,3,5,4,5,4,2,4,4,5,5,5,5,4,2,5,1,3,3,1,2,3,5,3,4,5,5,2,5
example_0338,2,1,2,1,3,5,1,1,1,1,4,4,5,2,2,5,1,5,2,5,2,2,4,4,2,3,2,2,4,3,4,4,4,NA,4,4,5,4,5,2,5,4,2,2,5,2,5,2,4,2,4,4,4,4,5,5,4,4,4,5,4,5
example_0339,3,5,3,5,5,5,3,5,5,5,5,4,5,1,4,1,5,1,5,1,1,1,1,2,1,1,1,2,4,3,3,4,3,5,1,1,2,4,1,3,2,4,4,5,4,5,5,4,5,3,3,2,2,3,4,3,2,2,1,1,3,4
example_0340,4,5,5,5,5,5,5,4,4,3,3,2,4,3,5,2,3,3,3,4,1,1,2,1,4,1,1,2,4,2,3,4,3,4,4,4,5,3,4,3,3,3,3,3,3,4,3,3,4,3,4,2,3,1,5,5,3,2,3,4,3,4
example_0341,4,4,5,4,4,4,4,4,4,4,1,1,2,2,2,5,2,5,1,5,2,2,2,3,2,5,2,3,4,2,2,1,4,2,2,2,3,4,2,3,5,4,5,4,4,5,4,2,4,2,4,1,3,5,2,3,1,1,4,3,2,2
example_0342,5,3,3,4,4,5,4,3,4,1,5,5,5,4,2,3,2,5,3,4,1,2,1,1,1,5,1,2,5,1,5,3,2,3,3,3,5,5,5,1,5,4,5,5,2,5,4,2,5,4,3,1,4,5,3,5,5,5,5,5,5,5
example_0343,3,3,3,4,3,4,4,1,2,2,3,3,3,3,3,3,3,4,2,3,1,1,1,1,1,1,1,1,5,3,2,2,4,2,3,2,4,4,2,2,4,4,4,4,3,4,4,3,5,1,3,3,3,3,2,4,3,4,4,5,3,4
example_0344,3,1,3,3,5,1,1,1,3,1,3,1,3,3,5,4,5,3,5,3,5,3,5,1,3,1,3,2,2,3,5,4,5,4,4,1,5,1,1,1,2,3,5,3,3,1,3,4,3,3,3,2,2,3,4,4,4,3,4,4,4,4
example_0345,2,3,3,2,4,2,4,2,4,3,1,1,2,4,2,4,1,5,1,4,1,3,1,1,2,1,3,2,4,2,4,2,4,4,4,2,3,4,4,1,4,4,5,3,3,5,4,2,3,3,5,3,4,4,3,5,4,4,5,5,4,5
example_0346,5,1,5,1,5,1,5,1,5,1,5,1,5,1,5,1,5,1,5,1,5,1,5,1,5,1,5,1,5,1,5,1,5,1,5,1,5,1,5,1,5,1,5,1,5,1,5,1,5,1,5,1,1,5,1,5,2,2,5,5,1,5
example_0347,3,1,4,2,5,5,3,1,4,3,2,3,3,4,5,5,2,4,4,1,2,3,3,3,3,2,2,2,4,4,4,1,5,5,4,2,2,5,3,1,4,5,3,5,4,4,5,2,5,1,4,2,2,4,4,4,4,1,4,4,3,4
example_0348,3,4,4,4,5,4,2,4,3,3,1,2,3,3,3,3,2,4,3,4,2,1,1,2,1,3,1,2,4,1,3,3,4,5,3,2,4,4,2,3,5,4,5,5,4,4,2,3,5,2,5,3,4,4,3,3,4,3,3,5,4,3
example_0349,5,5,5,4,5,1,5,3,4,2,3,2,4,3,2,4,2,4,2,3,2,1,3,1,4,1,1,1,4,1,4,5,4,4,5,5,4,5,4,1,3,5,5,5,NA,5,4,3,3,1,5,3,3,3,4,5,4,2,5,3,2,5
example_0350,2,2,2,2,4,2,2,5,5,2,4,4,4,5,2,2,4,2,4,2,3,2,4,2,5,1,4,1,4,4,2,2,3,2,2,2,4,1,2,3,5,4,5,5,4,1,3,2,5,3,3,2,2,2,2,2,2,2,2,1,2,2
example_0351,4,4,4,3,4,5,4,2,3,2,5,4,4,2,4,4,1,5,2,4,3,3,1,2,3,2,3,2,5,2,1,1,3,3,2,5,2,4,3,3,5,4,4,4,3,4,5,2,3,2,2,3,4,2,4,1,4,4,3,3,4,2
example_0352,1,2,1,2,4,4,2,2,2,1,3,5,4,5,4,4,4,4,4,2,1,2,2,1,1,1,1,1,5,4,2,4,3,1,1,2,1,2,2,4,5,5,4,5,4,4,5,1,5,2,5,2,5,4,3,3,3,3,2,5,1,2
example_0353,2,4,5,3,3,3,2,1,3,1,3,1,4,4,2,4,3,4,4,3,2,1,1,2,2,1,1,4,3,2,4,3,4,5,1,4,5,3,3,2,5,5,2,5,3,3,4,1,5,4,4,4,2,4,2,3,4,2,4,1,2,3
example_0354,1,4,2,2,2,4,1,1,1,1,4,3,3,3,4,4,2,4,5,4,2,3,3,3,2,4,2,2,2,4,5,2,5,4,1,4,4,4,4,1,5,5,4,5,5,5,5,1,5,2,3,2,3,2,3,4,1,1,4,5,1,2
example_0355,5,5,4,5,5,5,3,1,4,1,5,2,5,1,2,1,4,4,4,5,1,1,1,1,1,2,1,1,5,1,4,3,5,4,2,1,5,4,4,1,4,4,1,5,5,5,5,3,4,1,3,2,3,2,1,5,3,1,3,3,3,5
example_0356,5,2,1,5,3,1,1,1,1,1,3,1,5,5,1,1,5,1,5,5,1,5,4,1,3,1,5,1,3,3,3,1,5,1,1,1,5,1,5,3,3,5,5,5,5,5,5,3,5,1,5,4,3,2,5,5,5,4,5,5,1,5
example_0357,4,1,4,3,3,5,5,5,5,1,3,1,1,2,1,5,3,5,5,3,2,1,2,3,5,5,3,5,1,1,5,5,5,3,1,5,5,5,5,1,4,5,5,5,3,5,5,3,4,1,5,3,3,5,1,3,4,5,5,2,1,4
example_0358,4,5,5,4,5,5,5,3,3,5,5,3,5,2,5,1,5,1,5,2,5,3,3,1,1,3,5,1,5,1,3,1,5,3,3,3,5,1,2,1,3,3,5,1,4,5,5,5,5,1,5,3,1,5,2,5,1,4,4,5,1,5
example_0359,2,3,3,2,4,4,2,1,4,1,3,4,5,4,2,3,3,3,1,3,1,2,1,1,1,2,3,2,4,1,4,4,4,3,3,1,4,5,4,1,5,5,5,5,5,5,5,1,4,1,3,2,4,3,4,4,4,4,4,5,2,3
example_0360,3,5,5,5,5,5,5,3,3,2,2,2,3,4,4,3,4,2,2,3,5,3,1,4,1,3,3,3,4,1,4,3,4,4,3,1,3,3,3,2,4,3,4,3,3,4,4,4,3,2,3,5,4,4,3,2,5,4,3,4,2,3
example_0361,4,4,3,4,3,4,4,2,4,3,3,4,4,2,5,2,5,1,4,2,2,3,2,4,4,2,3,4,3,4,2,2,3,3,1,3,4,2,2,3,3,5,5,5,4,1,4,3,4,2,2,1,2,2,2,3,1,1,2,1,2,3
example_0362,1,2,4,2,3,3,2,2,2,1,2,4,5,4,4,3,5,2,5,2,1,1,1,2,1,2,1,1,4,3,2,3,5,3,3,1,2,3,1,2,3,4,5,5,3,3,4,4,5,2,4,1,2,4,2,4,2,2,3,2,2,4
example_0363,3,5,3,5,5,5,3,5,5,4,1,1,1,2,1,5,2,5,1,5,3,2,4,4,4,5,3,3,2,1,1,1,4,3,1,1,2,2,2,3,5,5,5,5,4,5,4,2,4,1,4,2,3,5,1,3,2,1,3,4,2,4
example_0364,5,5,5,5,5,5,5,2,4,5,3,4,3,3,3,3,3,4,3,4,1,1,2,2,2,4,1,2,3,1,2,4,2,3,2,3,3,5,4,3,4,5,5,4,5,5,2,3,4,1,5,3,5,5,4,5,5,4,5,5,4,5
example_0365,3,5,5,5,5,5,5,3,4,5,4,5,1,1,1,4,3,5,2,5,1,1,1,1,1,1,1,1,5,1,5,4,3,5,4,5,4,5,5,2,2,1,5,2,5,5,4,5,4,1,5,2,3,5,4,5,3,3,3,5,3,5
example_0366,4,4,5,4,5,5,2,3,3,2,4,4,4,5,1,4,2,4,3,5,1,1,1,1,1,1,1,2,4,2,3,3,4,5,3,5,5,4,5,2,4,5,5,5,5,5,5,5,5,1,4,3,4,3,5,5,4,4,3,4,3,4
example_0367,4,3,4,4,4,4,3,2,2,3,2,2,3,3,2,5,2,5,1,5,4,2,1,2,2,2,2,1,4,2,3,4,4,4,3,4,3,3,3,2,3,4,4,2,4,4,4,4,3,2,4,4,4,4,5,5,4,4,4,4,3,4
example_0368,3,4,2,2,4,3,3,3,1,3,5,4,5,2,3,2,3,4,3,3,2,1,3,3,4,3,3,4,3,4,3,3,5,3,3,4,5,4,2,3,3,3,4,5,5,3,5,3,2,2,3,3,1,3,1,4,4,3,2,4,2,2
example_0369,5,5,5,4,5,5,5,3,5,3,2,1,3,1,1,5,2,5,1,5,1,1,1,1,2,2,1,2,5,1,3,2,5,2,4,2,5,5,5,3,4,3,5,4,5,5,3,3,5,1,5,1,5,5,4,5,5,5,4,5,4,5
example_0370,4,5,4,3,4,5,4,4,4,3,2,2,4,5,4,2,5,2,4,3,1,1,3,1,2,2,1,1,5,2,1,1,3,1,1,1,4,2,2,5,5,4,5,4,5,5,3,1,5,1,4,1,1,3,1,2,1,1,1,1,1,3
example_0371,1,2,1,1,1,2,1,2,2,1,1,2,4,4,4,5,2,5,5,4,4,5,5,5,5,5,5,4,1,5,2,2,3,2,2,2,2,2,2,2,4,5,4,5,5,5,5,2,5,1,3,2,4,5,2,3,4,4,5,5,3,4
example_0372,5,3,3,1,1,1,1,1,5,1,5,3,5,4,4,1,5,1,4,1,1,1,5,1,1,1,4,1,5,1,3,1,5,1,2,1,4,1,1,3,4,4,5,5,4,5,5,1,5,1,5,1,3,2,4,5,3,4,5,2,3,2
example_0373,1,2,1,1,3,3,1,1,1,1,5,5,5,5,5,2,3,3,5,1,5,1,3,1,1,1,1,1,5,2,4,3,5,5,1,5,5,5,5,1,5,3,5,5,5,5,1,1,1,2,5,1,1,5,1,5,3,3,5,1,1,5
example_0374,3,1,3,1,3,1,5,1,2,4,1,4,4,3,2,5,5,2,3,1,1,1,4,1,1,1,1,1,5,5,2,3,4,1,3,4,3,3,1,3,4,4,4,5,3,5,5,1,4,4,3,1,4,4,3,3,2,2,3,4,4,4
example_0375,1,1,2,1,1,1,1,1,1,1,5,4,5,5,4,1,4,2,4,3,1,2,1,2,1,1,2,3,4,2,3,1,3,1,1,1,4,3,2,3,4,3,1,4,1,2,5,5,5,5,3,1,4,3,5,5,4,2,3,1,4,5
example_0376,4,4,3,3,3,4,4,3,3,1,4,3,5,2,2,2,5,1,4,2,1,2,5,2,2,3,2,2,4,1,3,2,4,2,1,4,2,3,3,3,5,4,5,5,4,5,4,1,5,2,4,2,3,4,1,3,2,3,3,5,2,4
example_0377,1,2,3,3,2,3,2,3,4,2,2,3,2,3,2,4,1,5,2,4,2,3,2,2,2,3,3,2,4,3,3,2,4,4,1,3,4,4,4,1,5,5,2,4,3,4,5,1,4,2,5,3,4,4,5,4,4,4,4,5,4,4
example_0378,3,3,2,4,2,4,1,1,1,2,5,4,5,5,3,1,4,2,5,2,1,2,1,1,2,1,2,3,5,3,1,1,5,1,1,1,3,1,2,1,5,3,5,4,4,4,4,1,5,2,3,1,1,1,1,1,2,1,1,2,1,1
example_0379,4,5,4,5,5,4,5,1,5,4,5,4,5,5,4,2,4,2,4,2,2,2,2,1,2,2,2,3,5,2,2,2,2,1,1,2,3,4,5,3,5,4,5,5,3,1,4,2,5,1,5,2,5,3,5,5,4,4,3,5,4,5
example_0380,1,3,5,3,4,5,1,1,2,2,1,1,1,1,1,5,1,5,1,5,1,1,1,1,2,1,1,1,5,1,5,5,5,5,5,5,5,5,5,1,5,1,5,1,5,5,5,4,5,1,5,3,5,4,3,5,5,5,5,4,5,5
example_0381,1,2,1,2,1,2,1,2,2,2,5,4,5,5,4,1,5,2,5,1,3,3,4,4,4,2,3,5,4,5,4,2,5,2,2,2,4,2,4,2,5,5,4,5,3,5,3,1,5,2,4,1,2,2,2,3,1,1,2,2,3,3
example_0382,3,4,4,4,5,5,4,3,4,3,4,3,4,2,2,4,2,4,2,4,2,2,1,3,1,2,1,2,4,3,3,3,4,3,4,4,4,5,4,3,4,3,3,3,4,4,3,3,4,2,4,3,3,3,3,5,3,4,5,4,2,4
example_0383,2,2,4,3,4,3,1,3,4,2,3,2,4,2,2,4,1,4,2,5,1,3,1,2,2,3,3,1,4,3,4,3,4,4,4,4,4,4,4,2,4,2,3,2,4,3,4,3,4,3,4,2,4,3,3,5,4,4,4,5,3,5
example_0384,2,3,3,2,4,4,2,2,3,1,3,3,2,2,2,4,3,4,2,4,1,1,2,3,2,2,1,1,4,2,4,2,4,4,2,5,4,4,4,4,5,5,5,5,3,5,4,1,5,2,4,1,3,4,3,5,4,3,4,5,5,4
example_0385,5,5,4,5,4,5,5,5,5,4,5,4,5,5,5,1,5,1,5,1,2,1,4,1,1,2,1,1,5,2,4,4,4,1,2,2,4,4,3,1,5,3,5,3,5,5,NA,1,5,1,4,3,2,2,2,5,2,5,4,5,3,5
example_0386,3,3,3,3,3,3,3,4,4,1,4,3,4,3,4,3,4,2,4,4,3,1,3,2,5,1,3,3,4,3,2,2,3,2,2,1,3,3,3,3,3,4,4,1,3,3,4,4,4,3,3,2,3,2,3,2,2,2,1,1,3,3
example_0387,3,4,2,4,4,5,1,1,4,1,5,2,5,5,1,4,3,4,4,2,4,2,3,2,4,2,4,2,5,3,1,1,4,1,1,1,2,4,2,2,5,4,5,5,5,5,4,1,5,1,3,1,1,3,1,5,1,2,3,2,3,5
example_0388,2,3,2,3,3,4,2,3,3,1,4,4,5,4,4,2,4,2,4,2,2,3,2,2,3,2,3,3,4,3,2,2,3,2,3,1,4,3,4,3,3,5,5,5,4,5,3,3,5,1,5,2,3,2,3,4,3,2,2,4,4,4
example_0389,3,3,4,4,4,4,4,4,3,4,3,2,4,2,2,5,2,4,2,5,2,2,1,2,2,1,2,2,4,2,5,4,4,5,4,5,4,4,4,2,4,4,3,4,4,4,4,4,4,2,4,4,4,5,4,5,4,5,5,5,4,5
example_0390,4,5,4,5,4,4,4,4,4,4,3,3,3,3,2,4,3,2,4,4,1,1,1,2,2,2,2,2,4,1,4,4,5,4,3,5,2,5,5,2,4,4,5,4,4,5,5,3,3,2,5,4,3,4,3,5,3,4,5,5,2,5
example_0391,1,1,3,2,4,2,3,3,4,2,3,2,3,4,2,4,2,4,3,3,3,3,3,2,2,2,2,4,4,2,5,5,4,5,2,5,5,5,4,3,4,5,3,5,5,5,5,4,5,2,5,3,4,4,4,4,2,3,4,4,4,4
example_0392,5,5,5,3,5,3,5,5,3,3,1,1,1,3,1,5,1,5,1,3,5,1,1,3,1,1,1,5,5,1,3,5,5,5,3,5,3,5,5,3,3,5,3,5,5,5,5,5,3,1,5,5,5,4,5,5,3,4,5,5,2,5
example_0393,2,2,3,2,3,2,2,1,5,1,5,3,4,1,4,3,4,4,4,5,3,3,2,3,3,3,2,3,3,3,3,4,4,3,1,2,5,3,4,3,4,3,3,3,3,3,4,4,5,3,1,3,1,3,1,4,3,3,3,1,3,3
example_0394,4,4,2,3,3,4,2,3,4,3,5,4,5,4,4,1,5,1,5,2,4,1,4,3,3,4,2,4,3,4,1,1,4,2,1,3,2,2,1,4,5,4,4,4,4,4,4,1,4,3,2,2,1,2,2,2,2,2,2,1,2,2
example_0395,5,4,3,4,5,3,5,4,5,4,4,4,3,2,5,3,4,2,5,4,4,1,5,4,4,4,2,3,2,4,3,3,5,1,3,3,4,3,4,2,5,5,5,4,5,5,4,1,3,1,5,2,1,3,1,3,2,2,2,2,2,3
example_0396,3,5,3,5,4,5,4,4,5,4,1,3,1,1,2,5,1,4,1,5,2,2,1,2,2,2,2,2,4,1,5,3,4,5,4,3,4,5,4,1,5,5,5,4,5,5,5,4,5,1,5,2,5,5,3,5,4,5,4,3,2,4
example_0397,1,3,3,2,5,3,5,3,1,3,1,4,5,5,1,5,3,1,1,5,4,2,1,3,4,2,1,2,3,1,5,5,5,5,3,4,5,1,4,2,5,5,5,3,4,5,5,5,5,1,3,5,4,5,5,5,5,5,4,4,2,5
example_0398,3,5,3,5,4,5,4,3,3,5,5,3,4,3,2,1,2,4,4,4,3,2,2,3,1,1,1,3,3,2,3,5,4,5,3,5,4,5,3,3,3,3,4,5,3,5,3,3,3,3,3,4,4,2,5,5,5,3,4,4,4,4
example_0399,4,5,5,5,5,5,5,3,5,5,1,2,3,1,1,5,1,5,1,5,1,1,3,1,1,1,1,1,5,2,3,2,5,2,2,2,2,3,2,3,5,5,4,5,4,2,5,3,4,2,3,1,2,5,3,2,2,3,2,2,2,4
example_0400,3,5,5,5,5,5,4,3,2,5,4,4,5,3,3,2,2,5,4,4,1,2,2,3,1,1,1,2,4,3,2,3,4,4,2,2,2,4,3,4,3,3,5,3,4,5,3,3,3,3,3,3,4,4,3,5,3,4,3,1,4,3
example_0401,3,2,3,3,4,5,4,2,2,2,1,3,3,4,2,4,3,4,1,4,1,1,1,1,1,4,1,1,4,3,4,4,4,5,3,3,3,5,4,2,4,5,5,5,5,5,4,4,5,1,4,2,1,5,2,5,1,2,3,5,1,5
example_0402,1,4,2,4,3,4,2,2,2,4,4,4,5,3,4,2,4,2,4,4,1,2,1,1,1,2,4,3,5,3,4,3,3,4,2,4,4,5,3,2,5,4,5,5,3,5,4,2,5,2,4,3,4,2,3,4,4,5,4,4,3,4
example_0403,2,4,3,3,3,3,3,5,1,3,4,2,4,3,3,4,3,3,3,4,1,2,4,3,3,4,2,2,4,3,4,2,4,4,2,3,4,3,3,2,5,4,3,4,3,4,3,2,4,2,3,3,2,3,2,4,4,4,3,3,3,4
example_0404,3,4,4,4,4,5,5,3,4,2,4,1,3,3,2,3,3,4,4,5,3,3,3,2,2,1,3,3,5,2,3,4,4,3,4,2,4,3,3,2,3,2,3,4,4,4,5,2,3,2,3,4,2,4,5,5,2,5,4,4,NA,4
example_0405,3,4,4,4,5,5,4,3,4,2,1,1,3,5,4,3,3,2,4,3,2,2,3,2,1,4,1,2,4,1,2,2,4,2,1,1,1,2,1,3,4,4,4,5,5,5,5,4,3,2,4,1,1,3,1,3,1,1,2,2,2,3
example_0406,2,4,2,2,2,4,2,2,2,2,5,3,5,5,NA,1,5,1,4,2,4,1,4,2,2,1,2,2,4,3,2,2,4,1,2,2,4,3,2,4,4,4,4,4,3,4,3,3,5,2,3,2,3,2,2,3,2,2,2,2,2,3
example_0407,2,3,5,2,3,4,2,2,2,3,1,1,3,1,2,5,2,4,2,4,1,1,2,1,1,2,1,1,5,3,4,4,5,3,2,4,2,4,3,2,3,4,3,4,3,2,4,4,3,4,3,2,3,5,4,5,4,4,3,2,3,2
example_0408,5,3,5,3,2,3,5,3,4,3,4,3,5,3,4,1,5,3,5,3,3,2,3,1,1,1,1,1,5,2,3,3,4,2,3,2,3,3,3,3,3,3,5,3,3,5,4,3,5,2,3,2,1,3,3,3,2,3,5,2,2,4
example_0409,4,4,4,4,4,4,4,4,4,4,4,4,4,4,4,2,4,2,4,2,2,1,1,1,2,2,2,2,4,2,4,4,5,5,4,4,4,4,4,3,4,4,3,4,4,4,3,4,5,2,5,3,5,2,5,5,4,4,4,5,5,5
example_0410,1,3,3,1,2,2,2,2,1,1,4,4,5,4,3,3,5,3,5,3,3,3,5,1,2,1,3,1,5,3,5,4,5,3,3,5,5,3,5,1,4,5,5,3,3,5,4,2,5,3,5,3,3,5,3,5,4,4,5,4,1,5
example_0411,2,4,1,2,2,5,1,1,2,1,5,5,5,3,5,2,5,1,1,2,2,4,3,4,1,1,2,2,4,3,2,2,4,2,2,2,5,2,1,2,4,4,4,5,3,5,5,3,3,2,3,2,4,2,3,1,2,1,1,3,4,2
example_0412,4,5,5,5,5,5,3,4,5,5,3,2,3,2,1,3,2,4,3,5,1,1,2,1,3,2,1,1,5,1,4,3,4,4,3,1,2,4,2,3,4,4,5,5,5,NA,4,4,4,1,5,3,4,4,1,5,4,5,3,5,5,5
example_0413,4,5,4,5,5,4,5,2,4,4,3,4,2,2,2,4,3,3,2,4,1,1,2,1,1,2,1,1,5,2,3,2,3,2,3,2,3,4,4,3,3,5,5,5,4,5,4,3,4,2,5,2,3,4,3,4,4,3,2,4,2,3
example_0414,1,2,2,1,2,4,1,3,3,4,5,3,5,4,5,1,5,1,5,2,4,2,3,1,1,1,4,2,4,3,4,2,2,1,4,3,4,5,4,4,3,3,5,4,3,5,4,3,4,2,4,1,2,4,3,4,2,2,4,4,3,3
example_0415,3,1,3,1,3,1,1,1,1,1,2,2,5,2,4,4,5,4,2,4,2,5,2,3,3,3,3,2,3,3,5,5,5,4,4,4,5,3,5,1,4,5,3,2,5,5,5,2,5,1,5,4,3,5,4,5,4,4,5,4,4,5
example_0416,5,5,4,2,3,5,5,4,5,3,4,5,5,5,5,NA,5,1,4,3,1,1,3,1,2,3,1,1,4,1,5,3,3,4,2,5,3,1,5,1,1,3,5,5,4,5,3,5,5,1,5,2,4,4,2,5,5,1,4,5,3,5
example_0417,4,1,2,2,3,2,4,2,4,2,3,1,2,2,4,1,3,4,2,3,2,3,3,2,4,2,4,2,3,3,4,2,4,2,3,2,5,4,4,2,2,4,4,4,4,2,4,3,4,2,4,4,2,2,3,4,3,4,5,4,4,4
example_0418,1,1,1,1,1,1,1,1,1,1,5,5,5,5,3,1,4,3,2,1,2,3,1,2,1,1,3,3,4,3,4,3,5,1,4,1,1,4,2,1,5,4,5,4,4,4,5,1,5,2,5,4,5,4,4,5,2,5,4,5,2,NA
example_0419,2,2,3,2,2,3,1,2,2,2,4,3,4,4,3,2,4,3,3,3,2,1,3,1,2,2,2,3,5,2,3,4,5,4,2,3,4,3,3,2,3,3,5,5,5,5,4,3,5,1,5,3,3,3,4,3,4,4,3,3,3,3
example_0420,1,4,4,1,3,2,1,1,3,2,2,1,3,2,4,5,2,5,3,5,4,3,2,2,3,2,3,3,3,2,4,3,4,4,2,3,3,3,2,3,4,5,5,4,4,5,4,2,5,2,4,4,1,4,1,4,3,3,4,3,3,5
example_0421,1,4,2,1,1,4,1,1,1,1,1,2,2,1,1,5,1,5,1,5,1,3,1,3,4,5,4,2,2,3,4,5,4,5,2,3,3,4,1,3,4,5,3,5,4,4,5,1,4,2,3,1,2,4,4,5,4,3,4,2,3,4
example_0422,1,2,2,2,2,2,1,1,2,1,2,3,5,3,2,5,2,4,2,3,1,4,1,3,2,3,4,3,3,1,3,5,4,3,3,5,3,3,4,1,4,5,5,5,5,5,5,2,5,1,5,3,4,1,4,5,4,5,4,5,1,5
example_0423,1,1,4,1,1,1,1,1,3,1,3,1,4,3,2,5,1,5,2,3,2,2,1,1,3,2,2,1,4,4,5,3,5,3,1,3,5,4,2,2,4,3,5,3,5,5,4,2,4,1,4,4,3,3,3,4,1,1,3,2,2,3
example_0424,1,1,1,1,1,1,1,1,1,1,4,4,3,4,4,2,5,1,4,2,3,4,2,3,3,3,4,4,3,4,1,2,2,2,1,3,3,1,1,5,3,4,4,4,1,4,3,4,5,4,1,5,3,1,1,2,2,1,2,1,3,1
example_0425,1,3,3,3,3,3,1,1,1,2,5,3,4,3,3,3,2,3,3,3,1,4,1,3,2,2,2,2,3,2,3,5,5,3,3,3,3,5,4,3,4,5,5,5,4,4,4,2,5,1,4,3,4,2,3,5,3,4,3,5,3,4
example_0426,1,1,1,1,1,3,1,1,1,1,1,1,2,3,1,5,3,5,5,2,4,5,2,5,5,5,5,5,1,3,3,2,5,2,4,4,4,4,2,2,4,5,5,4,3,5,4,2,4,1,5,5,5,1,4,3,5,5,5,4,4,4
example_0427,1,1,2,3,3,3,1,3,3,1,4,4,4,2,4,2,4,2,4,2,3,3,4,2,3,3,3,3,4,4,2,5,4,3,3,4,4,2,4,4,2,3,4,4,3,4,3,4,4,3,2,3,2,2,1,2,2,2,3,1,1,2
example_0428,3,3,3,3,2,4,2,3,4,4,2,3,4,3,2,3,4,2,4,3,3,2,3,3,3,3,4,3,3,3,2,4,2,3,2,4,3,4,1,4,2,4,4,4,3,4,4,3,2,4,2,2,2,3,1,3,1,2,3,2,2,3
example_0429,1,3,2,3,2,2,1,3,4,1,4,4,4,5,4,2,5,2,4,2,2,3,3,1,3,4,4,4,4,2,3,4,3,3,2,2,4,3,1,4,2,3,3,4,3,2,4,3,2,4,2,2,1,4,1,2,1,2,3,4,3,3
example_0430,5,5,4,3,5,3,5,5,5,1,4,3,3,3,4,4,3,3,4,3,5,1,3,1,2,1,1,1,5,1,3,3,2,4,3,5,2,3,5,1,3,4,4,4,5,5,5,5,5,1,5,5,3,5,4,5,4,2,4,4,1,5
example_0431,1,1,1,1,2,2,1,1,1,1,5,5,5,NA,5,1,NA,1,5,1,2,4,3,3,5,2,3,3,1,4,1,5,3,3,1,4,3,3,2,3,3,3,3,5,2,5,5,4,5,3,2,1,1,3,1,3,1,1,2,1,4,2
example_0432,1,1,1,1,1,1,1,1,1,1,4,3,4,5,4,5,4,2,1,1,2,5,3,2,3,2,5,3,5,3,1,2,4,2,2,2,2,2,1,3,5,5,5,5,3,5,5,1,5,3,3,4,4,2,3,2,3,2,2,2,4,2
example_0433,1,1,3,1,1,1,3,1,1,1,1,1,3,3,1,5,1,5,1,5,1,1,1,1,1,1,1,1,5,1,3,5,5,5,5,5,5,5,5,1,1,NA,1,3,3,5,5,3,3,5,4,3,4,3,5,5,3,3,3,3,4,4
example_0434,4,3,5,4,4,5,5,1,5,1,3,4,5,4,2,2,3,3,3,3,1,1,1,1,1,2,1,2,4,1,5,4,5,5,4,5,5,5,5,1,4,5,4,5,5,1,5,2,5,1,5,3,3,5,5,5,4,5,5,5,2,5
example_0435,5,1,5,1,5,1,5,1,5,1,5,1,5,1,5,1,5,1,5,1,5,1,5,1,5,1,5,1,5,1,5,1,5,1,5,1,5,1,5,1,5,1,5,1,5,1,5,1,5,1,5,3,3,5,5,5,3,1,4,1,3,5
example_0436,2,1,4,1,2,5,1,1,5,1,2,1,5,2,1,4,2,4,2,5,1,1,4,5,4,1,4,2,1,2,4,5,5,5,4,5,5,5,4,1,5,2,5,5,5,5,5,1,5,1,1,1,4,2,1,5,1,1,4,2,2,5
example_0437,3,3,4,5,5,5,5,3,4,5,2,2,3,4,1,5,5,4,3,5,3,1,3,3,3,5,3,2,3,2,4,3,5,3,1,2,1,3,1,3,5,5,5,5,5,5,5,3,3,1,5,3,5,5,4,3,5,5,3,3,3,5
example_0438,1,1,1,5,1,1,1,1,1,1,1,1,1,1,1,5,1,3,1,5,1,5,1,5,5,3,1,3,3,3,1,5,3,5,1,5,1,3,4,3,1,1,4,1,3,3,3,5,5,3,2,5,5,3,1,3,4,4,3,2,5,3
example_0439,3,4,5,3,5,5,5,2,1,4,4,5,4,3,1,5,1,5,1,5,1,1,3,2,3,5,1,3,3,1,5,5,5,5,5,5,5,5,5,2,4,5,5,5,4,5,5,5,5,2,5,4,3,5,3,5,4,4,5,5,4,5
example_0440,2,3,3,2,2,3,1,3,3,2,5,1,5,3,4,2,2,5,2,3,1,2,2,1,1,1,2,2,5,2,2,1,3,2,2,4,3,2,3,4,4,4,3,4,3,3,4,4,5,4,4,1,4,3,1,2,3,2,3,2,5,2
example_0441,3,4,3,4,5,3,5,3,3,4,2,1,5,3,3,3,2,3,2,3,5,1,2,1,1,1,2,2,4,4,5,3,4,3,3,3,2,3,4,1,3,2,3,4,5,4,5,2,3,1,4,5,2,4,1,5,3,5,5,2,2,4
example_0442,4,3,5,3,2,3,4,3,5,4,1,2,1,1,1,5,1,5,3,5,3,1,5,4,4,5,2,4,3,1,4,4,5,5,2,5,5,2,3,3,5,3,5,3,5,5,4,2,4,1,4,1,3,3,3,3,3,3,3,2,3,3
example_0443,2,3,3,2,3,2,2,2,1,1,4,3,5,4,4,2,4,2,3,2,1,2,2,1,3,1,3,3,4,3,3,3,5,3,3,3,4,5,3,1,4,3,4,3,2,4,5,3,4,2,5,3,4,3,1,5,3,2,3,3,4,3
example_0444,1,4,4,3,4,4,3,5,5,1,5,5,5,5,5,2,5,1,5,5,3,5,1,2,3,1,3,2,5,1,5,5,5,5,2,5,5,3,5,2,4,5,2,5,5,3,5,1,5,2,4,2,5,3,5,5,1,5,4,2,4,5
example_0445,2,1,3,2,2,3,3,2,1,3,5,3,4,5,3,2,3,3,5,2,2,1,1,2,2,2,2,2,4,2,4,4,4,4,4,4,4,3,4,2,4,5,5,4,4,5,3,4,3,1,5,3,4,4,3,5,4,3,5,5,4,4
example_0446,5,2,5,1,5,5,5,1,1,5,2,1,1,5,1,5,5,2,2,3,5,5,5,5,5,5,5,5,1,1,5,5,5,5,1,5,5,5,2,1,5,5,5,5,5,5,5,1,5,1,5,1,4,5,1,5,1,4,2,4,2,5
example_0447,2,2,3,2,3,2,4,2,2,1,5,4,4,4,3,3,2,5,2,2,1,1,1,1,2,2,1,2,5,1,4,5,5,5,3,5,4,5,2,1,5,4,2,3,3,2,4,5,5,4,3,3,4,3,4,5,4,4,4,3,4,4
example_0448,3,4,5,2,5,4,4,2,4,4,2,2,3,5,2,1,2,4,2,4,2,1,1,2,3,3,2,2,4,2,4,2,4,5,2,4,1,3,4,3,3,5,4,5,4,4,5,4,4,1,4,3,4,4,3,4,4,5,4,5,1,5
example_0449,2,3,3,2,4,2,3,1,2,2,5,2,4,3,3,3,4,2,4,4,2,1,4,2,2,2,2,2,4,3,4,4,4,3,3,3,4,3,4,2,3,4,4,4,4,4,4,2,4,1,5,2,2,2,1,4,3,1,5,5,1,5
example_0450,1,2,4,2,3,4,2,2,2,2,3,2,4,4,3,4,3,4,2,3,1,1,1,2,1,2,1,2,4,2,4,3,4,5,4,2,4,4,4,3,5,5,4,5,4,4,4,4,4,2,3,2,1,3,3,4,1,4,4,5,3,4
example_0451,4,5,2,5,5,5,5,2,5,4,4,1,4,2,4,5,2,4,1,5,1,1,1,1,1,1,1,1,5,1,4,1,4,2,2,1,2,4,4,2,5,5,5,5,5,5,5,1,5,1,5,4,4,5,5,5,3,4,5,5,4,5
example_0452,4,5,5,4,5,5,5,2,5,5,5,5,5,1,5,1,5,1,5,1,1,1,1,1,1,1,1,1,5,1,2,1,5,1,1,1,5,4,2,3,3,5,5,5,3,4,5,3,5,2,1,1,1,5,1,2,2,1,4,2,2,3
example_0453,4,5,5,4,5,5,5,4,4,2,5,3,5,3,3,2,4,2,4,3,1,1,1,1,1,1,1,1,5,2,4,3,4,3,4,2,5,4,5,2,4,2,5,3,4,1,3,3,5,2,2,4,4,3,5,4,4,4,4,4,3,5
example_0454,3,3,4,3,3,3,3,3,4,2,4,3,4,4,3,3,1,5,3,5,1,2,1,1,2,1,1,2,4,2,3,4,4,3,2,3,4,2,2,3,5,4,4,4,4,4,3,5,4,2,3,3,3,4,2,5,4,4,4,5,3,4
example_0455,1,3,4,2,2,2,2,1,1,2,5,4,5,4,3,3,4,3,3,3,1,2,1,1,2,2,2,2,3,1,5,2,5,3,2,3,4,4,4,1,5,3,2,2,1,2,4,3,3,5,4,3,4,3,4,5,4,3,4,3,5,5
example_0456,3,4,4,3,3,3,4,3,3,4,2,3,2,2,2,3,2,4,2,4,3,2,1,3,4,4,2,4,3,4,3,4,4,5,4,5,3,5,3,3,3,3,3,4,3,4,4,4,2,3,2,4,4,4,4,3,4,4,4,2,5,3
example_0457,3,3,4,3,4,4,3,2,3,2,5,3,5,3,4,1,3,2,4,4,1,2,1,2,2,2,3,2,4,2,5,2,3,4,1,4,4,4,5,2,4,2,2,2,3,2,4,4,3,4,3,1,1,2,2,4,2,3,4,2,1,4
example_0458,3,3,3,3,3,3,3,3,4,2,2,2,3,3,4,4,2,5,3,4,4,3,3,2,2,2,3,2,4,2,4,4,3,3,3,4,5,4,3,2,1,3,4,3,4,5,4,4,3,1,5,2,3,3,3,4,4,2,4,4,3,4
example_0459,3,3,4,5,5,3,4,5,4,3,2,2,4,4,2,3,4,3,2,4,1,2,2,1,1,2,1,2,5,1,1,1,5,1,2,4,4,5,3,3,5,5,5,5,4,5,4,2,4,2,5,2,5,3,2,4,2,1,4,4,3,2
example_0460,2,2,4,5,4,4,4,3,4,3,5,3,5,4,3,2,3,2,3,3,1,2,1,1,2,2,2,2,5,2,3,5,3,4,3,4,5,3,4,3,2,3,4,3,3,5,3,4,4,3,3,2,2,2,3,4,2,2,3,3,3,4
example_0461,3,1,3,3,2,1,2,3,2,2,5,4,4,4,3,2,5,1,2,3,1,3,2,1,3,2,3,3,3,3,4,3,2,3,3,3,4,3,2,3,3,2,1,3,2,3,3,3,4,5,4,2,4,5,1,4,2,2,4,5,4,4
example_0462,3,1,3,3,2,2,1,3,2,1,3,3,5,2,4,3,3,3,4,2,1,2,1,2,3,2,2,3,3,2,4,5,4,4,4,3,3,5,4,2,2,3,4,3,3,3,3,4,3,3,3,2,2,4,3,3,3,5,4,4,3,4
example_0463,1,1,2,1,1,1,1,1,5,1,5,1,5,5,5,1,5,1,5,1,5,5,1,1,5,1,4,1,5,4,1,1,5,5,5,5,5,2,3,4,2,5,5,5,5,4,5,5,5,1,3,4,1,1,2,1,3,2,2,1,1,1
example_0464,1,3,1,3,3,3,1,3,3,1,5,3,5,5,5,1,3,3,5,1,3,3,1,3,3,3,3,3,3,1,5,1,5,5,3,5,3,3,5,1,3,3,5,3,3,5,3,5,5,3,4,3,4,3,4,5,5,4,5,5,3,5
example_0465,4,3,2,3,3,4,3,2,3,2,4,2,4,4,3,2,3,3,2,3,2,3,1,2,2,1,2,4,4,2,2,1,3,2,1,1,3,2,2,4,3,5,4,5,5,4,4,3,4,2,2,3,4,2,3,3,3,1,1,1,2,2
example_0466,2,4,5,4,4,5,2,3,3,2,5,4,5,4,4,2,2,3,4,4,1,1,1,1,1,1,1,2,5,3,4,5,5,5,2,5,5,4,4,1,5,5,5,5,4,5,4,2,5,2,4,3,4,4,4,5,4,4,5,5,4,5
example_0467,2,5,5,1,4,4,4,4,4,3,5,1,4,2,3,3,3,3,3,4,2,1,4,2,4,2,2,2,4,2,1,1,2,2,1,1,4,2,4,4,4,5,5,4,3,4,4,2,5,3,3,1,1,2,1,2,1,1,2,1,1,2
example_0468,3,3,3,3,3,3,3,3,3,3,3,3,3,3,3,3,3,3,3,3,3,3,3,3,3,3,3,3,3,3,3,3,3,3,3,3,3,3,3,3,3,3,3,3,3,3,3,3,3,3,3,2,2,4,2,4,2,2,4,4,1,5
example_0469,1,5,3,3,5,5,5,3,1,3,3,3,5,3,5,3,3,4,5,4,1,1,1,1,2,1,1,2,3,1,3,1,5,5,3,5,5,3,5,1,5,3,5,3,5,5,4,3,5,3,5,3,2,5,1,5,3,3,4,5,1,5
example_0470,1,2,2,4,2,4,2,4,4,2,4,4,4,4,4,2,5,2,2,2,5,4,4,5,4,4,4,4,4,4,4,5,4,4,2,1,3,2,2,3,5,5,5,5,5,5,5,1,5,1,3,1,2,4,2,2,4,2,2,2,2,2
example_0471,3,3,3,3,3,3,2,3,3,3,2,3,3,3,3,4,3,4,2,4,4,2,2,2,3,1,2,2,4,2,3,3,3,3,4,3,3,4,4,2,3,2,4,1,4,5,3,4,4,2,4,3,3,3,3,4,3,3,3,2,2,4
example_0472,2,5,5,3,4,4,4,1,1,5,4,2,3,3,4,5,2,5,3,5,2,1,3,2,2,2,1,4,4,2,3,4,2,4,2,4,3,3,1,4,1,1,2,2,3,4,1,5,1,3,3,1,1,3,3,5,1,2,2,3,4,4
example_0473,3,3,2,4,4,4,4,2,3,4,3,2,4,4,2,3,4,2,2,2,2,2,1,2,2,2,2,3,5,2,2,2,4,4,2,3,2,4,2,3,4,5,5,4,4,5,5,2,4,1,5,3,3,4,4,4,3,3,5,5,2,4
example_0474,3,NA,3,3,3,3,3,1,3,3,5,3,5,3,5,1,5,NA,3,3,1,3,3,3,1,1,3,1,5,1,3,3,5,5,5,5,5,3,5,1,5,3,3,3,3,3,5,3,3,3,4,3,3,1,3,4,4,4,4,4,3,3
example_0475,2,2,2,2,2,2,2,2,2,2,2,3,3,3,4,2,4,2,5,3,3,3,2,3,4,3,4,3,3,2,3,3,4,2,2,2,2,3,3,3,3,3,3,3,4,4,3,3,5,2,2,3,2,3,3,3,2,1,4,1,2,3
example_0476,5,5,5,3,5,5,5,5,5,5,5,2,5,5,1,5,1,5,NA,5,4,3,4,2,2,5,4,2,5,NA,5,3,5,4,1,1,4,5,2,1,1,2,4,5,5,5,5,5,5,1,5,3,5,NA,5,5,5,5,5,5,4,4
example_0477,4,5,3,4,4,5,3,3,4,3,4,3,3,3,4,2,4,3,4,2,3,2,4,2,2,1,2,2,4,3,2,4,2,2,3,2,3,3,2,3,4,4,4,3,4,4,4,2,4,2,3,3,3,2,2,2,4,1,2,2,3,1
example_0478,3,2,3,4,3,4,2,3,4,2,1,NA,3,3,1,5,4,2,4,3,2,2,2,2,2,2,2,3,4,4,4,4,4,2,1,1,3,1,1,2,5,5,5,5,4,5,5,2,5,2,5,1,1,5,1,3,1,1,2,3,1,3
example_0479,1,1,1,1,2,5,1,1,1,1,3,2,4,2,1,3,3,3,3,3,4,5,1,5,5,5,5,5,1,5,2,3,5,2,2,5,4,4,1,2,4,5,5,5,5,5,5,3,5,1,4,1,1,3,1,3,1,1,5,2,1,2
example_0480,3,4,3,3,3,4,2,3,4,2,4,4,5,4,3,2,4,3,4,3,1,2,3,1,1,3,3,2,4,3,3,2,4,2,2,2,3,3,4,3,4,5,4,5,4,4,4,2,4,3,4,3,3,4,3,4,3,3,3,5,3,4
example_0481,3,5,5,4,5,5,4,3,4,3,5,4,5,5,4,2,4,4,4,1,1,1,3,1,1,1,1,1,5,1,5,4,5,4,3,3,5,4,5,1,4,4,NA,5,5,5,5,2,5,1,5,4,3,1,4,5,4,4,5,5,3,5
example_0482,2,2,4,1,2,3,4,1,1,1,5,4,5,3,4,2,5,1,5,2,2,2,4,1,2,1,2,1,5,3,4,1,5,2,2,2,4,3,5,3,2,3,5,3,3,3,4,3,5,2,3,1,1,2,1,5,2,1,3,3,3,3
example_0483,2,2,3,2,3,4,2,2,2,2,4,1,4,2,1,4,3,4,2,4,5,2,3,1,2,3,3,3,4,3,2,2,4,2,2,2,2,4,2,3,4,4,3,3,3,4,3,3,4,2,4,1,3,4,3,2,1,3,2,3,3,3
example_0484,3,3,3,3,4,4,4,2,3,2,4,4,4,4,3,3,4,3,3,4,3,2,4,3,2,3,2,3,4,3,3,4,4,2,2,5,4,4,4,2,4,4,5,4,3,5,4,2,4,2,4,1,1,4,1,5,2,1,3,3,2,4
example_0485,3,2,3,2,3,1,4,2,5,1,5,3,4,5,5,1,5,1,5,1,4,4,4,4,5,1,4,4,2,3,3,4,3,2,2,1,4,2,2,3,4,2,4,3,5,5,4,1,5,1,4,1,1,3,1,2,1,1,2,3,2,3
example_0486,2,1,2,4,3,4,1,3,2,2,3,3,5,3,3,3,2,4,3,4,2,2,4,2,2,2,3,2,5,1,4,3,4,5,2,5,2,3,4,2,4,4,3,4,3,4,5,4,3,2,5,3,3,3,4,3,4,4,4,4,3,4
example_0487,1,1,1,1,1,1,1,1,1,1,3,3,3,5,4,2,5,2,5,2,5,5,4,5,5,5,5,5,1,5,3,2,2,2,4,3,4,2,4,3,4,1,5,1,3,5,2,1,1,2,3,1,1,1,1,3,1,1,2,1,1,3
example_0488,1,3,3,3,3,3,2,3,2,3,4,3,5,5,2,3,3,3,2,3,1,3,1,1,1,1,2,1,5,2,3,2,4,3,3,3,3,4,4,3,3,4,5,4,3,5,3,3,4,2,3,2,5,3,3,5,4,3,4,3,5,4
example_0489,5,5,5,5,5,5,5,5,5,1,3,1,4,5,1,4,1,5,3,4,5,1,1,2,1,1,1,5,3,1,5,4,5,5,2,5,5,4,1,1,3,5,5,4,5,5,5,3,5,1,4,3,4,5,1,5,1,5,2,5,2,5
example_0490,5,3,5,1,4,5,5,3,4,4,1,4,4,3,2,5,4,4,1,4,2,1,1,2,2,2,1,2,4,4,4,5,4,5,3,5,4,4,4,2,4,4,2,4,4,5,5,3,3,2,4,4,2,5,5,5,5,5,5,4,4,4
example_0491,3,3,3,2,2,5,4,2,2,2,3,2,4,2,4,4,3,4,3,4,2,1,3,2,2,1,2,4,4,3,3,2,4,3,2,3,4,4,2,3,5,4,5,4,5,4,1,2,4,1,4,1,3,2,1,3,1,1,5,2,3,4
example_0492,4,4,4,4,4,4,3,3,3,3,4,3,4,4,3,4,4,3,4,1,2,2,3,2,4,3,2,3,4,2,3,2,3,2,2,3,3,3,3,3,3,4,4,3,4,5,3,2,4,2,3,3,2,3,2,4,3,3,4,2,4,4
example_0493,3,4,5,4,2,3,2,2,3,2,1,2,1,2,1,2,1,5,4,5,1,1,2,1,1,1,1,1,5,1,4,2,4,4,1,2,3,2,2,2,3,5,3,2,3,3,5,5,5,4,3,1,4,2,2,5,1,1,1,2,3,3
example_0494,4,4,4,4,4,4,5,4,4,2,1,2,3,2,2,4,2,4,2,5,5,1,1,1,2,1,1,1,5,1,4,5,4,5,3,4,4,3,4,2,3,2,4,2,4,4,4,3,3,2,3,3,3,4,2,4,3,2,4,5,4,3
example_0495,4,5,5,4,5,5,4,5,5,1,3,2,3,2,3,3,4,2,2,4,5,1,2,2,1,2,3,2,3,1,2,3,5,5,2,3,3,2,4,3,4,4,5,3,4,5,3,5,4,1,3,4,3,4,2,4,4,2,4,5,3,5
example_0496,2,3,2,2,3,2,1,2,1,2,4,4,5,4,4,2,4,2,4,3,2,2,1,2,1,2,2,2,4,3,3,2,5,3,2,2,4,4,4,2,4,4,3,3,3,3,4,2,2,3,3,3,4,3,4,4,4,4,5,5,4,4
example_0497,3,4,3,3,3,4,4,2,2,3,4,2,4,4,4,2,4,2,4,2,4,2,3,3,2,3,2,3,3,3,3,1,4,2,2,2,4,4,3,3,4,2,5,3,4,4,3,4,5,2,5,2,3,3,2,4,2,1,2,2,3,4
example_0498,3,5,4,4,4,5,4,3,2,4,5,4,4,3,2,1,3,3,4,5,1,2,2,1,1,2,3,1,4,2,4,1,5,4,3,4,4,4,4,2,4,5,3,4,4,4,4,2,4,2,5,1,2,5,4,5,3,4,4,5,3,5
example_0499,1,5,3,3,5,3,1,3,1,3,5,3,5,5,5,1,5,1,5,1,5,1,3,1,1,3,1,5,5,1,1,1,3,1,3,3,5,3,1,3,1,1,3,3,3,1,1,5,3,3,2,3,2,3,4,2,2,3,3,1,3,3
example_0500,3,4,3,3,3,3,2,1,1,3,5,5,5,5,4,2,3,3,4,1,1,1,1,1,1,1,3,1,5,3,3,3,5,3,1,1,3,5,3,1,4,3,4,3,3,3,5,3,3,3,3,3,4,2,3,5,3,4,4,3,2,5
